source,target,tipo_servico,valor_contrato,data_adjudicacao
UASG_150001,CNPJ_12.345.678/0001-90,Oligopólio,10349433.26,2022-05-10
UASG_150001,CNPJ_25.457.507/0001-37,Software,252783.35,2023-12-11
UASG_150001,CNPJ_42.823.560/0001-38,Hardware,344219.14,2022-01-25
UASG_150001,CNPJ_45.678.901/0001-22,Oligopólio,2214384.67,2023-06-08
UASG_150001,CNPJ_65.414.976/0001-79,Suporte,362395.03,2023-04-29
UASG_150001,CNPJ_71.606.464/0001-82,Suporte,460404.01,2024-12-20
UASG_150001,CNPJ_71.745.895/0001-37,Hardware,295868.75,2023-05-16
UASG_150001,CNPJ_76.734.108/0001-15,Suporte,525273.6,2025-10-12
UASG_150001,CNPJ_91.405.369/0001-73,Suporte,276926.29,2024-12-27
UASG_150001,CNPJ_98.367.754/0001-68,Nuvem,264914.09,2021-06-28
UASG_150001,CNPJ_98.765.432/0001-10,Oligopólio,4694438.9,2021-09-08
UASG_150002,CNPJ_10.486.447/0001-71,Software,367322.94,2022-06-11
UASG_150002,CNPJ_11.324.900/0001-86,Hardware,432634.03,2021-07-17
UASG_150002,CNPJ_26.625.258/0001-33,Hardware,330523.49,2025-01-25
UASG_150002,CNPJ_31.558.638/0001-76,Nuvem,371359.59,2023-03-29
UASG_150002,CNPJ_35.202.293/0001-47,Software,559023.81,2024-09-15
UASG_150002,CNPJ_45.212.286/0001-48,Suporte,437422.09,2021-04-18
UASG_150002,CNPJ_45.493.968/0001-82,Software,525923.19,2021-03-29
UASG_150002,CNPJ_45.678.901/0001-22,Oligopólio,3377429.27,2024-04-21
UASG_150002,CNPJ_58.711.495/0001-70,Nuvem,277461.13,2021-09-23
UASG_150002,CNPJ_65.897.341/0001-14,Hardware,380367.69,2022-01-04
UASG_150002,CNPJ_67.497.322/0001-14,Suporte,514665.74,2024-04-26
UASG_150002,CNPJ_68.915.780/0001-22,Suporte,252775.21,2022-03-11
UASG_150002,CNPJ_70.123.503/0001-46,Software,294814.39,2023-08-08
UASG_150002,CNPJ_80.316.400/0001-13,Software,460729.23,2021-06-03
UASG_150002,CNPJ_91.322.471/0001-48,Software,429077.21,2021-07-02
UASG_150002,CNPJ_98.765.432/0001-10,Oligopólio,2253972.33,2023-09-09
UASG_150003,CNPJ_12.345.678/0001-90,Oligopólio,4736080.859999999,2025-03-22
UASG_150003,CNPJ_12.904.270/0001-49,Software,309473.03,2021-10-29
UASG_150003,CNPJ_15.719.350/0001-70,Hardware,295603.71,2024-07-24
UASG_150003,CNPJ_37.978.580/0001-78,Hardware,537815.12,2021-04-07
UASG_150003,CNPJ_41.574.951/0001-33,Suporte,506539.97,2025-10-02
UASG_150003,CNPJ_45.281.924/0001-10,Nuvem,477114.0,2025-06-17
UASG_150003,CNPJ_45.391.893/0001-52,Software,458302.04,2023-04-02
UASG_150003,CNPJ_45.678.901/0001-22,Oligopólio,2832814.61,2024-12-26
UASG_150003,CNPJ_63.217.870/0001-59,Nuvem,365033.08,2021-08-15
UASG_150003,CNPJ_63.984.342/0001-83,Hardware,315322.64,2025-02-24
UASG_150003,CNPJ_65.775.400/0001-32,Software,503346.7,2025-08-17
UASG_150003,CNPJ_78.645.873/0001-62,Software,302065.24,2023-05-24
UASG_150003,CNPJ_80.895.817/0001-61,Software,476660.24,2025-07-18
UASG_150003,CNPJ_93.831.174/0001-13,Hardware,514858.35,2024-05-06
UASG_150004,CNPJ_10.850.901/0001-57,Hardware,499897.47,2022-07-14
UASG_150004,CNPJ_24.205.986/0001-53,Hardware,273547.44,2024-10-09
UASG_150004,CNPJ_36.732.727/0001-86,Nuvem,320374.17,2024-03-15
UASG_150004,CNPJ_41.938.798/0001-95,Nuvem,260753.15,2021-12-02
UASG_150004,CNPJ_43.262.931/0001-34,Suporte,547381.93,2025-10-05
UASG_150004,CNPJ_43.479.186/0001-64,Hardware,256533.99,2021-07-12
UASG_150004,CNPJ_45.678.901/0001-22,Oligopólio,2492922.3,2022-10-03
UASG_150004,CNPJ_46.104.950/0001-87,Software,241563.03,2021-09-27
UASG_150004,CNPJ_58.426.868/0001-22,Software,304151.84,2024-09-14
UASG_150004,CNPJ_58.625.242/0001-40,Nuvem,520925.17,2024-07-26
UASG_150004,CNPJ_63.262.819/0001-70,Hardware,309506.91,2024-03-23
UASG_150004,CNPJ_67.759.575/0001-81,Hardware,471034.61,2022-02-14
UASG_150004,CNPJ_78.486.606/0001-10,Software,514199.66,2022-10-11
UASG_150004,CNPJ_78.645.873/0001-62,Software,465644.53,2025-10-16
UASG_150004,CNPJ_81.153.860/0001-76,Nuvem,468832.05,2023-11-04
UASG_150004,CNPJ_81.510.748/0001-71,Hardware,385338.77,2022-06-07
UASG_150004,CNPJ_98.765.432/0001-10,Oligopólio,1561911.58,2022-03-24
UASG_150005,CNPJ_12.345.678/0001-90,Oligopólio,2427963.4,2021-02-25
UASG_150005,CNPJ_15.413.121/0001-35,Software,502100.32,2024-12-28
UASG_150005,CNPJ_45.678.901/0001-22,Oligopólio,4505482.65,2021-09-28
UASG_150005,CNPJ_52.225.316/0001-59,Nuvem,354880.25,2022-04-12
UASG_150005,CNPJ_70.436.125/0001-45,Suporte,309730.79,2022-04-16
UASG_150005,CNPJ_89.638.683/0001-69,Hardware,282967.95,2023-08-04
UASG_150005,CNPJ_91.822.761/0001-46,Nuvem,249334.37,2025-07-01
UASG_150005,CNPJ_97.795.114/0001-38,Software,394815.01,2022-09-22
UASG_150005,CNPJ_98.765.432/0001-10,Oligopólio,3438144.15,2025-02-10
UASG_150006,CNPJ_16.924.135/0001-54,Hardware,269218.82,2024-01-04
UASG_150006,CNPJ_19.784.500/0001-35,Software,477786.09,2024-09-20
UASG_150006,CNPJ_26.352.329/0001-16,Software,503938.22,2022-11-01
UASG_150006,CNPJ_38.319.168/0001-56,Hardware,440314.85,2021-01-23
UASG_150006,CNPJ_45.212.286/0001-48,Suporte,396679.83,2025-06-19
UASG_150006,CNPJ_45.678.901/0001-22,Oligopólio,4907385.21,2024-09-18
UASG_150006,CNPJ_47.379.936/0001-79,Software,361917.21,2025-01-08
UASG_150006,CNPJ_50.712.617/0001-61,Suporte,355197.57,2024-07-23
UASG_150006,CNPJ_68.904.160/0001-52,Software,321383.03,2023-09-09
UASG_150006,CNPJ_68.915.780/0001-22,Suporte,272301.32,2024-08-06
UASG_150006,CNPJ_71.695.979/0001-98,Software,473881.48,2023-07-08
UASG_150006,CNPJ_83.557.182/0001-26,Hardware,291636.1,2021-10-16
UASG_150006,CNPJ_98.183.229/0001-79,Suporte,503073.01,2024-04-16
UASG_150006,CNPJ_98.765.432/0001-10,Oligopólio,5429578.95,2022-04-09
UASG_150007,CNPJ_19.283.500/0001-83,Suporte,374166.93,2025-11-12
UASG_150007,CNPJ_20.506.868/0001-55,Hardware,345668.82,2023-06-03
UASG_150007,CNPJ_45.493.968/0001-82,Software,340385.0,2025-10-26
UASG_150007,CNPJ_52.225.316/0001-59,Nuvem,414120.32,2021-02-27
UASG_150007,CNPJ_70.990.589/0001-44,Suporte,309668.0,2023-08-25
UASG_150008,CNPJ_12.345.678/0001-90,Oligopólio,4334080.27,2022-08-25
UASG_150008,CNPJ_13.646.291/0001-58,Hardware,244580.89,2023-12-25
UASG_150008,CNPJ_16.924.135/0001-54,Hardware,266437.65,2022-01-03
UASG_150008,CNPJ_17.517.902/0001-97,Suporte,323949.75,2025-02-19
UASG_150008,CNPJ_36.519.256/0001-47,Suporte,499760.71,2024-07-08
UASG_150008,CNPJ_40.753.152/0001-57,Suporte,424829.88,2025-06-09
UASG_150008,CNPJ_41.826.953/0001-60,Software,431926.82,2022-01-21
UASG_150008,CNPJ_42.497.376/0001-57,Suporte,314416.43,2024-04-11
UASG_150008,CNPJ_56.220.313/0001-65,Nuvem,530699.06,2024-06-06
UASG_150008,CNPJ_56.387.877/0001-25,Nuvem,301597.81,2022-06-17
UASG_150008,CNPJ_60.272.399/0001-14,Hardware,498938.61,2021-09-14
UASG_150008,CNPJ_65.414.976/0001-79,Suporte,286504.54,2025-09-11
UASG_150008,CNPJ_83.557.182/0001-26,Hardware,444996.86,2023-11-29
UASG_150008,CNPJ_84.757.850/0001-85,Suporte,353598.82,2022-12-09
UASG_150008,CNPJ_95.600.216/0001-11,Suporte,450658.38,2025-01-01
UASG_150008,CNPJ_96.904.174/0001-79,Nuvem,335759.49,2022-09-04
UASG_150008,CNPJ_98.765.432/0001-10,Oligopólio,2913675.71,2025-04-23
UASG_150009,CNPJ_12.345.678/0001-90,Oligopólio,5150059.99,2022-03-23
UASG_150009,CNPJ_14.969.870/0001-62,Software,331671.6,2024-03-23
UASG_150009,CNPJ_23.419.649/0001-46,Software,380033.0,2021-01-29
UASG_150009,CNPJ_25.708.300/0001-68,Hardware,488899.6,2021-08-14
UASG_150009,CNPJ_29.251.661/0001-58,Software,291742.26,2022-01-03
UASG_150009,CNPJ_30.937.612/0001-14,Software,264416.79,2024-08-16
UASG_150009,CNPJ_31.413.669/0001-95,Software,501826.13,2023-03-30
UASG_150009,CNPJ_43.262.931/0001-34,Suporte,312541.01,2023-01-17
UASG_150009,CNPJ_45.281.924/0001-10,Nuvem,388811.63,2023-09-24
UASG_150009,CNPJ_45.678.901/0001-22,Oligopólio,5280364.17,2025-03-13
UASG_150009,CNPJ_50.712.617/0001-61,Suporte,508755.62,2022-08-07
UASG_150009,CNPJ_66.371.539/0001-19,Hardware,246444.11,2025-06-23
UASG_150009,CNPJ_72.963.842/0001-61,Software,494722.37,2024-01-27
UASG_150009,CNPJ_80.663.871/0001-68,Software,433731.76,2025-05-19
UASG_150009,CNPJ_83.964.217/0001-47,Software,477078.17,2025-03-14
UASG_150009,CNPJ_84.757.850/0001-85,Suporte,501440.15,2021-07-17
UASG_150009,CNPJ_91.822.761/0001-46,Nuvem,487760.37,2023-03-14
UASG_150009,CNPJ_93.488.676/0001-58,Hardware,294144.98,2021-06-22
UASG_150009,CNPJ_98.765.432/0001-10,Oligopólio,2789182.35,2022-06-24
UASG_150010,CNPJ_12.345.678/0001-90,Oligopólio,3346447.49,2023-11-18
UASG_150010,CNPJ_31.500.985/0001-74,Hardware,339740.75,2024-02-10
UASG_150010,CNPJ_31.558.638/0001-76,Nuvem,425272.85,2022-08-23
UASG_150010,CNPJ_36.388.353/0001-77,Software,493405.22,2025-10-25
UASG_150010,CNPJ_43.177.829/0001-54,Software,385369.09,2024-10-24
UASG_150010,CNPJ_45.189.747/0001-67,Hardware,378844.18,2025-07-05
UASG_150010,CNPJ_45.470.893/0001-38,Software,347993.7,2023-04-07
UASG_150010,CNPJ_45.850.247/0001-92,Software,447984.67,2023-09-23
UASG_150010,CNPJ_48.626.987/0001-13,Suporte,341270.01,2022-12-10
UASG_150010,CNPJ_62.250.243/0001-66,Hardware,557017.33,2022-01-18
UASG_150010,CNPJ_71.745.895/0001-37,Hardware,533926.91,2023-04-28
UASG_150010,CNPJ_76.332.208/0001-27,Hardware,322849.37,2024-04-07
UASG_150010,CNPJ_83.964.217/0001-47,Software,280795.42,2022-11-05
UASG_150010,CNPJ_85.939.444/0001-55,Nuvem,343622.26,2023-10-13
UASG_150011,CNPJ_12.345.678/0001-90,Oligopólio,2682703.41,2021-06-27
UASG_150011,CNPJ_41.133.447/0001-81,Hardware,838952.99,2025-01-15
UASG_150011,CNPJ_41.790.736/0001-47,Software,396731.48,2022-06-04
UASG_150011,CNPJ_45.678.901/0001-22,Oligopólio,3806551.27,2023-06-21
UASG_150011,CNPJ_71.745.895/0001-37,Hardware,433021.49,2021-11-02
UASG_150011,CNPJ_72.401.443/0001-20,Nuvem,551900.99,2022-05-18
UASG_150011,CNPJ_74.245.323/0001-58,Software,526427.26,2024-05-29
UASG_150011,CNPJ_93.488.676/0001-58,Hardware,324630.98,2024-01-27
UASG_150011,CNPJ_98.765.432/0001-10,Oligopólio,8824570.9,2022-06-23
UASG_150012,CNPJ_10.878.572/0001-59,Nuvem,443542.64,2023-10-19
UASG_150012,CNPJ_11.319.665/0001-96,Software,446735.02,2021-05-06
UASG_150012,CNPJ_12.345.678/0001-90,Oligopólio,9483959.16,2024-06-12
UASG_150012,CNPJ_14.202.295/0001-15,Hardware,497807.62,2021-09-10
UASG_150012,CNPJ_25.619.459/0001-13,Software,383767.86,2024-04-09
UASG_150012,CNPJ_25.753.982/0001-96,Hardware,380195.73,2024-08-08
UASG_150012,CNPJ_28.888.104/0001-91,Software,301522.53,2024-10-13
UASG_150012,CNPJ_28.915.307/0001-12,Nuvem,548965.73,2021-08-16
UASG_150012,CNPJ_29.863.502/0001-76,Suporte,556293.12,2024-02-07
UASG_150012,CNPJ_31.765.255/0001-94,Software,288398.99,2025-09-28
UASG_150012,CNPJ_35.701.517/0001-16,Hardware,456736.22,2021-03-04
UASG_150012,CNPJ_40.139.328/0001-45,Nuvem,247898.93,2023-07-06
UASG_150012,CNPJ_44.612.395/0001-73,Software,494543.99,2025-08-07
UASG_150012,CNPJ_45.678.901/0001-22,Oligopólio,2638460.42,2023-05-24
UASG_150012,CNPJ_47.803.863/0001-47,Suporte,373853.16,2024-09-24
UASG_150012,CNPJ_67.759.575/0001-81,Hardware,544772.9,2023-12-27
UASG_150012,CNPJ_71.695.979/0001-98,Software,492531.47,2025-02-01
UASG_150012,CNPJ_76.734.108/0001-15,Suporte,301447.48,2021-11-03
UASG_150012,CNPJ_80.316.400/0001-13,Software,407198.98,2024-02-06
UASG_150012,CNPJ_98.765.432/0001-10,Oligopólio,1549339.91,2025-10-10
UASG_150013,CNPJ_12.345.678/0001-90,Oligopólio,10009818.040000001,2024-08-07
UASG_150013,CNPJ_19.283.500/0001-83,Suporte,529964.01,2021-06-27
UASG_150013,CNPJ_23.419.649/0001-46,Software,454272.84,2022-03-04
UASG_150013,CNPJ_24.153.543/0001-17,Suporte,504580.79,2024-02-07
UASG_150013,CNPJ_45.678.901/0001-22,Oligopólio,2220853.65,2022-05-14
UASG_150013,CNPJ_47.652.417/0001-69,Software,260204.89,2024-12-31
UASG_150013,CNPJ_53.636.244/0001-22,Software,336965.6,2021-04-26
UASG_150013,CNPJ_55.675.229/0001-63,Suporte,374055.56,2023-01-12
UASG_150013,CNPJ_71.745.895/0001-37,Hardware,268661.13,2022-08-23
UASG_150013,CNPJ_76.175.253/0001-25,Hardware,242452.49,2024-04-28
UASG_150013,CNPJ_83.142.655/0001-38,Hardware,480575.41,2024-09-21
UASG_150013,CNPJ_91.405.369/0001-73,Suporte,450891.1,2021-01-25
UASG_150013,CNPJ_98.765.432/0001-10,Oligopólio,3064030.67,2022-07-19
UASG_150014,CNPJ_28.915.307/0001-12,Nuvem,322089.62,2024-02-29
UASG_150014,CNPJ_29.360.904/0001-47,Suporte,466543.3,2023-05-03
UASG_150014,CNPJ_39.576.145/0001-15,Software,498146.5,2025-09-02
UASG_150014,CNPJ_45.678.901/0001-22,Oligopólio,1848818.53,2024-10-10
UASG_150014,CNPJ_51.645.513/0001-22,Software,490611.66,2024-07-25
UASG_150014,CNPJ_56.966.922/0001-49,Suporte,277234.72,2021-01-19
UASG_150014,CNPJ_91.405.369/0001-73,Suporte,332161.71,2023-03-19
UASG_150015,CNPJ_10.232.375/0001-17,Suporte,490081.81,2022-02-19
UASG_150015,CNPJ_10.371.288/0001-73,Software,276001.0,2025-05-19
UASG_150015,CNPJ_14.969.870/0001-62,Software,383581.96,2021-11-01
UASG_150015,CNPJ_28.915.307/0001-12,Nuvem,302648.96,2023-10-12
UASG_150015,CNPJ_29.772.813/0001-49,Hardware,453943.25,2021-04-15
UASG_150015,CNPJ_30.937.612/0001-14,Software,429161.7,2022-07-07
UASG_150015,CNPJ_41.133.447/0001-81,Hardware,327803.07,2024-05-10
UASG_150015,CNPJ_42.497.376/0001-57,Suporte,292609.77,2023-06-08
UASG_150015,CNPJ_45.678.901/0001-22,Oligopólio,2839508.9,2023-07-13
UASG_150015,CNPJ_52.851.982/0001-32,Hardware,573604.89,2021-11-16
UASG_150015,CNPJ_63.669.422/0001-55,Hardware,312212.67,2021-01-29
UASG_150015,CNPJ_65.414.976/0001-79,Suporte,277164.47,2021-06-19
UASG_150015,CNPJ_67.497.322/0001-14,Suporte,466113.32,2024-08-09
UASG_150015,CNPJ_85.988.145/0001-41,Hardware,243813.75,2021-09-16
UASG_150015,CNPJ_91.322.471/0001-48,Software,487536.88,2022-07-19
UASG_150015,CNPJ_92.747.595/0001-74,Nuvem,425909.95,2023-05-16
UASG_150015,CNPJ_98.765.432/0001-10,Oligopólio,2486960.0,2022-01-07
UASG_150016,CNPJ_12.345.678/0001-90,Oligopólio,10721120.870000001,2023-08-31
UASG_150016,CNPJ_17.154.970/0001-12,Software,433628.65,2021-08-08
UASG_150016,CNPJ_27.605.905/0001-24,Hardware,496704.96,2022-12-06
UASG_150016,CNPJ_36.388.353/0001-77,Software,400199.77,2025-11-05
UASG_150016,CNPJ_37.978.580/0001-78,Hardware,482837.8,2023-02-21
UASG_150016,CNPJ_39.423.245/0001-71,Software,435726.85,2024-04-20
UASG_150016,CNPJ_41.133.447/0001-81,Hardware,397726.81,2023-01-26
UASG_150016,CNPJ_41.346.935/0001-64,Suporte,453393.41,2022-05-23
UASG_150016,CNPJ_45.678.901/0001-22,Oligopólio,2212809.47,2023-12-12
UASG_150016,CNPJ_49.400.323/0001-71,Software,541185.53,2023-02-22
UASG_150016,CNPJ_59.433.984/0001-84,Nuvem,521361.64,2021-11-03
UASG_150017,CNPJ_12.345.678/0001-90,Oligopólio,6779720.37,2025-01-14
UASG_150017,CNPJ_14.969.870/0001-62,Software,322212.57,2025-08-06
UASG_150017,CNPJ_39.423.245/0001-71,Software,371566.19,2025-10-21
UASG_150017,CNPJ_42.497.376/0001-57,Suporte,342094.42,2021-10-24
UASG_150017,CNPJ_45.493.968/0001-82,Software,340737.62,2022-12-09
UASG_150017,CNPJ_63.262.819/0001-70,Hardware,471954.08,2022-02-13
UASG_150017,CNPJ_78.645.873/0001-62,Software,344263.4,2025-08-15
UASG_150017,CNPJ_80.316.400/0001-13,Software,452395.0,2021-07-03
UASG_150017,CNPJ_91.822.761/0001-46,Nuvem,433117.79,2023-12-13
UASG_150017,CNPJ_93.839.620/0001-47,Hardware,452795.17,2021-07-29
UASG_150017,CNPJ_96.728.973/0001-95,Hardware,270403.74,2022-05-03
UASG_150017,CNPJ_97.795.114/0001-38,Software,282359.16,2024-01-20
UASG_150017,CNPJ_98.765.432/0001-10,Oligopólio,8511471.59,2022-07-06
UASG_150018,CNPJ_12.345.678/0001-90,Oligopólio,4200574.52,2024-08-14
UASG_150018,CNPJ_13.646.291/0001-58,Hardware,455120.22,2021-02-02
UASG_150018,CNPJ_15.693.982/0001-78,Suporte,437510.27,2025-04-15
UASG_150018,CNPJ_19.784.500/0001-35,Software,241184.77,2024-02-12
UASG_150018,CNPJ_45.470.893/0001-38,Software,426640.77,2021-09-19
UASG_150018,CNPJ_45.678.901/0001-22,Oligopólio,2288958.78,2022-12-14
UASG_150018,CNPJ_61.818.402/0001-65,Software,382138.69,2021-10-22
UASG_150018,CNPJ_85.939.444/0001-55,Nuvem,329422.5,2025-03-10
UASG_150019,CNPJ_12.345.678/0001-90,Oligopólio,4906832.95,2021-01-27
UASG_150019,CNPJ_14.202.295/0001-15,Hardware,516894.64,2025-08-11
UASG_150019,CNPJ_28.138.225/0001-76,Software,499778.15,2023-04-11
UASG_150019,CNPJ_28.888.104/0001-91,Software,394690.38,2023-05-14
UASG_150019,CNPJ_43.722.875/0001-49,Software,465179.51,2022-11-07
UASG_150019,CNPJ_44.612.395/0001-73,Software,445878.31,2024-06-13
UASG_150019,CNPJ_45.678.901/0001-22,Oligopólio,6025358.91,2023-11-05
UASG_150019,CNPJ_51.645.513/0001-22,Software,246111.74,2021-07-30
UASG_150019,CNPJ_64.106.429/0001-16,Suporte,489711.32,2021-07-07
UASG_150019,CNPJ_65.414.976/0001-79,Suporte,270981.99,2022-06-22
UASG_150019,CNPJ_67.759.575/0001-81,Hardware,491766.24,2022-01-22
UASG_150019,CNPJ_68.904.160/0001-52,Software,455395.63,2025-10-08
UASG_150019,CNPJ_71.890.226/0001-18,Suporte,306264.26,2025-03-09
UASG_150019,CNPJ_72.401.443/0001-20,Nuvem,300109.71,2021-07-02
UASG_150019,CNPJ_80.316.400/0001-13,Software,284299.36,2025-08-16
UASG_150019,CNPJ_85.988.145/0001-41,Hardware,468354.36,2021-10-16
UASG_150019,CNPJ_96.904.174/0001-79,Nuvem,439224.13,2021-03-24
UASG_150019,CNPJ_98.765.432/0001-10,Oligopólio,2347540.24,2021-06-03
UASG_150020,CNPJ_38.256.174/0001-41,Hardware,509430.52,2023-12-30
UASG_150020,CNPJ_45.678.901/0001-22,Oligopólio,5736434.83,2021-06-11
UASG_150020,CNPJ_48.913.128/0001-71,Hardware,524351.77,2025-03-08
UASG_150020,CNPJ_50.712.617/0001-61,Suporte,484847.63,2022-03-30
UASG_150020,CNPJ_51.188.501/0001-49,Software,537324.65,2022-11-26
UASG_150020,CNPJ_52.851.982/0001-32,Hardware,541188.7,2021-04-20
UASG_150020,CNPJ_58.426.868/0001-22,Software,258464.94,2024-10-14
UASG_150020,CNPJ_59.433.984/0001-84,Nuvem,332121.5,2022-02-14
UASG_150020,CNPJ_77.943.784/0001-11,Hardware,431694.27,2022-08-19
UASG_150020,CNPJ_86.358.772/0001-15,Software,444490.29,2021-03-31
UASG_150020,CNPJ_90.625.620/0001-49,Suporte,315978.71,2025-01-18
UASG_150020,CNPJ_91.322.471/0001-48,Software,532713.96,2024-11-16
UASG_150021,CNPJ_10.504.922/0001-15,Suporte,426555.02,2025-07-19
UASG_150021,CNPJ_12.345.678/0001-90,Oligopólio,8003061.529999999,2022-09-20
UASG_150021,CNPJ_21.636.400/0001-28,Nuvem,465387.3,2025-06-30
UASG_150021,CNPJ_24.205.986/0001-53,Hardware,465926.08,2025-06-14
UASG_150021,CNPJ_30.937.612/0001-14,Software,504476.19,2025-06-07
UASG_150021,CNPJ_31.500.985/0001-74,Hardware,488463.18,2021-08-24
UASG_150021,CNPJ_33.448.596/0001-55,Nuvem,341415.19,2021-02-08
UASG_150021,CNPJ_42.727.686/0001-81,Suporte,392752.13,2024-05-16
UASG_150021,CNPJ_45.281.924/0001-10,Nuvem,502803.01,2025-09-18
UASG_150021,CNPJ_45.678.901/0001-22,Oligopólio,1535340.09,2024-08-01
UASG_150021,CNPJ_53.534.577/0001-21,Software,346690.34,2025-04-20
UASG_150021,CNPJ_58.247.729/0001-95,Hardware,293105.57,2024-01-31
UASG_150021,CNPJ_71.430.739/0001-98,Software,494147.41,2023-11-10
UASG_150021,CNPJ_95.274.901/0001-74,Suporte,537171.29,2022-03-22
UASG_150021,CNPJ_98.367.754/0001-68,Nuvem,544686.05,2021-01-19
UASG_150022,CNPJ_12.755.570/0001-66,Nuvem,551288.42,2023-06-18
UASG_150022,CNPJ_12.813.854/0001-44,Hardware,526810.1,2022-05-10
UASG_150022,CNPJ_26.739.975/0001-60,Hardware,264867.97,2022-11-12
UASG_150022,CNPJ_28.138.225/0001-76,Software,491167.03,2023-09-25
UASG_150022,CNPJ_28.888.104/0001-91,Software,390811.89,2023-07-20
UASG_150022,CNPJ_35.701.517/0001-16,Hardware,472200.7,2024-05-07
UASG_150022,CNPJ_39.758.756/0001-72,Software,518614.09,2025-07-08
UASG_150022,CNPJ_42.497.376/0001-57,Suporte,256156.46,2025-01-12
UASG_150022,CNPJ_45.195.763/0001-32,Nuvem,295151.75,2022-04-11
UASG_150022,CNPJ_50.852.605/0001-12,Suporte,338523.64,2023-07-30
UASG_150022,CNPJ_52.225.316/0001-59,Nuvem,249606.83,2022-10-11
UASG_150022,CNPJ_72.401.443/0001-20,Nuvem,429932.34,2023-11-16
UASG_150022,CNPJ_76.175.253/0001-25,Hardware,495514.96,2021-12-06
UASG_150022,CNPJ_88.958.534/0001-72,Suporte,365133.68,2021-01-12
UASG_150022,CNPJ_91.822.761/0001-46,Nuvem,292740.74,2022-06-25
UASG_150022,CNPJ_98.765.432/0001-10,Oligopólio,6280654.03,2025-10-03
UASG_150023,CNPJ_12.345.678/0001-90,Oligopólio,3335862.0700000003,2021-08-01
UASG_150023,CNPJ_26.459.322/0001-69,Hardware,802616.8400000001,2021-12-31
UASG_150023,CNPJ_33.448.596/0001-55,Nuvem,462899.65,2023-12-03
UASG_150023,CNPJ_39.243.523/0001-28,Hardware,368543.01,2024-03-14
UASG_150023,CNPJ_41.826.953/0001-60,Software,367846.01,2021-12-11
UASG_150023,CNPJ_43.262.931/0001-34,Suporte,240637.48,2022-03-26
UASG_150023,CNPJ_45.678.901/0001-22,Oligopólio,4187890.29,2023-01-07
UASG_150023,CNPJ_47.652.417/0001-69,Software,413515.91,2025-09-21
UASG_150023,CNPJ_55.462.495/0001-22,Hardware,363500.64,2021-06-28
UASG_150023,CNPJ_56.966.922/0001-49,Suporte,550277.1,2024-01-26
UASG_150023,CNPJ_59.433.984/0001-84,Nuvem,275245.53,2022-10-16
UASG_150023,CNPJ_65.594.526/0001-59,Software,298689.71,2021-07-05
UASG_150023,CNPJ_79.566.513/0001-80,Software,453243.33,2023-07-18
UASG_150023,CNPJ_80.316.400/0001-13,Software,427476.73,2025-01-19
UASG_150023,CNPJ_80.895.817/0001-61,Software,361891.05,2023-02-09
UASG_150023,CNPJ_91.260.115/0001-51,Nuvem,344354.51,2024-01-08
UASG_150023,CNPJ_97.434.641/0001-60,Suporte,246129.76,2021-07-11
UASG_150023,CNPJ_98.765.432/0001-10,Oligopólio,1908512.94,2023-03-09
UASG_150024,CNPJ_12.345.678/0001-90,Oligopólio,2275190.46,2022-01-01
UASG_150024,CNPJ_16.294.500/0001-42,Software,253898.67,2022-02-26
UASG_150024,CNPJ_16.863.243/0001-69,Software,280305.66,2024-08-12
UASG_150024,CNPJ_20.506.868/0001-55,Hardware,321806.4,2025-05-23
UASG_150024,CNPJ_29.251.661/0001-58,Software,456354.63,2023-03-04
UASG_150024,CNPJ_29.863.502/0001-76,Suporte,481190.46,2021-08-31
UASG_150024,CNPJ_40.753.152/0001-57,Suporte,290850.61,2024-10-19
UASG_150024,CNPJ_43.722.875/0001-49,Software,551187.64,2024-06-25
UASG_150024,CNPJ_46.104.950/0001-87,Software,250054.98,2022-01-22
UASG_150024,CNPJ_52.225.316/0001-59,Nuvem,520282.59,2022-04-16
UASG_150024,CNPJ_53.636.244/0001-22,Software,279461.92,2025-01-19
UASG_150024,CNPJ_58.711.495/0001-70,Nuvem,246133.72,2023-02-02
UASG_150024,CNPJ_64.722.763/0001-31,Suporte,472559.75,2025-04-09
UASG_150024,CNPJ_98.765.432/0001-10,Oligopólio,1572575.25,2023-06-22
UASG_150025,CNPJ_12.345.678/0001-90,Oligopólio,1542299.65,2021-09-16
UASG_150025,CNPJ_25.753.982/0001-96,Hardware,536878.63,2022-01-30
UASG_150025,CNPJ_28.823.324/0001-29,Hardware,264771.7,2024-12-20
UASG_150025,CNPJ_28.888.104/0001-91,Software,418188.38,2023-11-29
UASG_150025,CNPJ_45.678.901/0001-22,Oligopólio,3925234.5300000003,2024-05-17
UASG_150025,CNPJ_60.272.399/0001-14,Hardware,358493.78,2022-07-22
UASG_150025,CNPJ_78.198.495/0001-34,Software,318930.76,2022-05-25
UASG_150025,CNPJ_80.663.871/0001-68,Software,1009114.2,2023-03-13
UASG_150025,CNPJ_95.600.216/0001-11,Suporte,515844.63,2021-06-13
UASG_150025,CNPJ_98.765.432/0001-10,Oligopólio,2791450.09,2025-04-11
UASG_150026,CNPJ_12.345.678/0001-90,Oligopólio,4935435.34,2024-03-27
UASG_150026,CNPJ_25.753.982/0001-96,Hardware,402364.72,2025-09-08
UASG_150026,CNPJ_32.749.271/0001-11,Software,503411.47,2021-03-25
UASG_150026,CNPJ_45.678.901/0001-22,Oligopólio,3235933.28,2024-10-18
UASG_150026,CNPJ_67.759.575/0001-81,Hardware,413239.81,2023-11-10
UASG_150026,CNPJ_83.971.649/0001-15,Software,464844.87,2023-11-19
UASG_150026,CNPJ_88.139.636/0001-14,Suporte,488577.07,2021-06-15
UASG_150026,CNPJ_98.183.229/0001-79,Suporte,251667.54,2021-06-29
UASG_150026,CNPJ_98.765.432/0001-10,Oligopólio,2714179.16,2025-04-23
UASG_150027,CNPJ_19.784.500/0001-35,Software,358701.12,2024-11-03
UASG_150027,CNPJ_33.448.596/0001-55,Nuvem,467520.31,2021-04-16
UASG_150027,CNPJ_36.519.256/0001-47,Suporte,241729.58,2022-11-25
UASG_150027,CNPJ_45.678.901/0001-22,Oligopólio,6025141.44,2022-07-19
UASG_150027,CNPJ_71.695.979/0001-98,Software,522381.18,2025-02-09
UASG_150027,CNPJ_82.857.377/0001-13,Hardware,360958.09,2025-11-05
UASG_150027,CNPJ_93.417.210/0001-16,Suporte,521625.31,2025-05-05
UASG_150027,CNPJ_98.198.252/0001-27,Hardware,321562.32,2021-03-02
UASG_150028,CNPJ_12.345.678/0001-90,Oligopólio,1911774.62,2022-03-15
UASG_150028,CNPJ_16.294.500/0001-42,Software,501046.21,2025-04-14
UASG_150028,CNPJ_18.982.787/0001-81,Nuvem,449690.37,2021-01-01
UASG_150028,CNPJ_24.205.986/0001-53,Hardware,415877.13,2024-10-07
UASG_150028,CNPJ_30.937.612/0001-14,Software,271374.25,2024-10-24
UASG_150028,CNPJ_45.678.901/0001-22,Oligopólio,1592113.47,2021-06-19
UASG_150028,CNPJ_45.850.247/0001-92,Software,470104.78,2025-08-26
UASG_150028,CNPJ_53.534.577/0001-21,Software,418252.96,2023-01-28
UASG_150028,CNPJ_61.818.402/0001-65,Software,262722.45,2024-11-02
UASG_150028,CNPJ_70.123.503/0001-46,Software,436881.17,2023-01-28
UASG_150028,CNPJ_78.303.317/0001-57,Suporte,799155.23,2022-08-14
UASG_150028,CNPJ_78.645.873/0001-62,Software,282085.85,2025-03-06
UASG_150028,CNPJ_79.566.513/0001-80,Software,295367.64,2024-03-28
UASG_150028,CNPJ_80.895.817/0001-61,Software,260865.47,2024-07-01
UASG_150028,CNPJ_81.878.972/0001-23,Suporte,373048.03,2023-08-16
UASG_150028,CNPJ_96.584.473/0001-89,Suporte,552628.97,2024-06-03
UASG_150029,CNPJ_12.212.712/0001-65,Hardware,257518.39,2023-02-08
UASG_150029,CNPJ_12.345.678/0001-90,Oligopólio,3323643.19,2022-01-23
UASG_150029,CNPJ_32.861.621/0001-78,Nuvem,486797.78,2024-08-29
UASG_150029,CNPJ_36.388.353/0001-77,Software,377701.26,2022-02-24
UASG_150029,CNPJ_45.678.901/0001-22,Oligopólio,3254276.88,2024-06-06
UASG_150029,CNPJ_65.594.526/0001-59,Software,425898.26,2021-04-16
UASG_150029,CNPJ_67.759.575/0001-81,Hardware,504133.01,2024-07-05
UASG_150029,CNPJ_75.434.517/0001-45,Software,473238.34,2025-10-14
UASG_150029,CNPJ_93.831.174/0001-13,Hardware,364634.21,2021-04-19
UASG_150029,CNPJ_98.765.432/0001-10,Oligopólio,7729667.15,2025-09-18
UASG_150030,CNPJ_12.813.854/0001-44,Hardware,480789.87,2024-04-18
UASG_150030,CNPJ_37.165.262/0001-14,Software,498464.76,2025-01-16
UASG_150030,CNPJ_39.758.756/0001-72,Software,412198.72,2022-03-19
UASG_150030,CNPJ_45.391.893/0001-52,Software,377586.44,2024-12-27
UASG_150030,CNPJ_45.678.901/0001-22,Oligopólio,15345740.67,2024-11-17
UASG_150030,CNPJ_64.624.378/0001-98,Hardware,359473.01,2025-01-04
UASG_150030,CNPJ_65.982.106/0001-12,Nuvem,512506.05,2021-10-08
UASG_150030,CNPJ_67.759.575/0001-81,Hardware,497749.21,2022-03-22
UASG_150030,CNPJ_71.691.315/0001-92,Suporte,556428.97,2021-09-05
UASG_150030,CNPJ_73.985.383/0001-46,Software,485946.03,2024-11-05
UASG_150030,CNPJ_80.895.817/0001-61,Software,441629.8,2021-08-10
UASG_150030,CNPJ_98.765.432/0001-10,Oligopólio,3462766.67,2022-03-06
UASG_150031,CNPJ_12.345.678/0001-90,Oligopólio,4292628.01,2025-10-29
UASG_150031,CNPJ_12.755.570/0001-66,Nuvem,287429.59,2021-07-09
UASG_150031,CNPJ_14.833.862/0001-66,Software,369324.9,2022-05-09
UASG_150031,CNPJ_14.969.870/0001-62,Software,330630.11,2023-07-11
UASG_150031,CNPJ_16.863.243/0001-69,Software,380863.68,2023-01-10
UASG_150031,CNPJ_45.678.901/0001-22,Oligopólio,2092889.78,2023-12-30
UASG_150031,CNPJ_45.850.247/0001-92,Software,556326.93,2024-02-25
UASG_150031,CNPJ_50.133.116/0001-46,Suporte,345153.39,2023-04-07
UASG_150031,CNPJ_81.878.972/0001-23,Suporte,450353.11,2025-01-22
UASG_150031,CNPJ_83.964.217/0001-47,Software,328880.84,2022-03-23
UASG_150031,CNPJ_89.638.683/0001-69,Hardware,441458.46,2024-01-04
UASG_150031,CNPJ_96.177.315/0001-11,Suporte,392589.91,2024-10-04
UASG_150031,CNPJ_98.765.432/0001-10,Oligopólio,5293948.84,2025-10-08
UASG_150032,CNPJ_12.345.678/0001-90,Oligopólio,2559762.52,2025-07-20
UASG_150032,CNPJ_28.737.229/0001-62,Software,346230.88,2022-08-11
UASG_150032,CNPJ_28.823.324/0001-29,Hardware,289847.44,2022-05-16
UASG_150032,CNPJ_29.772.813/0001-49,Hardware,326034.21,2023-04-14
UASG_150032,CNPJ_45.281.924/0001-10,Nuvem,468053.0,2025-02-26
UASG_150032,CNPJ_51.547.599/0001-24,Nuvem,298894.33,2022-12-11
UASG_150032,CNPJ_71.606.464/0001-82,Suporte,422680.77,2021-08-08
UASG_150032,CNPJ_86.358.772/0001-15,Software,290726.47,2021-11-12
UASG_150032,CNPJ_88.452.431/0001-58,Nuvem,250364.52,2025-09-20
UASG_150032,CNPJ_96.584.473/0001-89,Suporte,484381.53,2022-04-25
UASG_150032,CNPJ_98.765.432/0001-10,Oligopólio,2854289.93,2025-05-06
UASG_150033,CNPJ_10.878.572/0001-59,Nuvem,428128.74,2025-09-21
UASG_150033,CNPJ_12.345.678/0001-90,Oligopólio,2636863.91,2025-04-28
UASG_150033,CNPJ_14.202.295/0001-15,Hardware,385145.28,2024-08-12
UASG_150033,CNPJ_15.719.350/0001-70,Hardware,406299.21,2021-04-15
UASG_150033,CNPJ_18.982.787/0001-81,Nuvem,422459.91,2023-10-14
UASG_150033,CNPJ_26.625.258/0001-33,Hardware,533995.11,2022-05-14
UASG_150033,CNPJ_43.262.931/0001-34,Suporte,241727.53,2023-03-03
UASG_150033,CNPJ_45.678.901/0001-22,Oligopólio,3086285.75,2025-03-27
UASG_150033,CNPJ_53.763.926/0001-41,Software,526076.71,2022-11-19
UASG_150033,CNPJ_58.625.242/0001-40,Nuvem,269531.13,2025-11-10
UASG_150033,CNPJ_62.684.498/0001-58,Software,309130.06,2024-12-30
UASG_150033,CNPJ_67.759.575/0001-81,Hardware,492964.35,2024-11-08
UASG_150033,CNPJ_91.405.369/0001-73,Suporte,387082.48,2024-01-11
UASG_150033,CNPJ_98.765.432/0001-10,Oligopólio,2150208.03,2023-07-25
UASG_150034,CNPJ_10.486.447/0001-71,Software,500733.97,2024-10-12
UASG_150034,CNPJ_12.345.678/0001-90,Oligopólio,4861226.82,2022-02-25
UASG_150034,CNPJ_31.500.985/0001-74,Hardware,261901.03,2024-04-30
UASG_150034,CNPJ_39.758.756/0001-72,Software,428157.32,2025-07-16
UASG_150034,CNPJ_41.790.736/0001-47,Software,530936.08,2021-03-28
UASG_150034,CNPJ_63.875.382/0001-36,Suporte,339520.8,2025-08-30
UASG_150034,CNPJ_71.691.315/0001-92,Suporte,553065.86,2021-12-10
UASG_150034,CNPJ_72.401.443/0001-20,Nuvem,443734.3,2021-03-20
UASG_150034,CNPJ_80.663.871/0001-68,Software,537352.98,2025-05-10
UASG_150034,CNPJ_93.417.210/0001-16,Suporte,448524.72,2021-10-01
UASG_150034,CNPJ_98.765.432/0001-10,Oligopólio,5021971.699999999,2024-04-17
UASG_150035,CNPJ_12.345.678/0001-90,Oligopólio,5366415.26,2022-02-11
UASG_150035,CNPJ_12.813.854/0001-44,Hardware,319854.78,2024-11-24
UASG_150035,CNPJ_15.315.246/0001-89,Suporte,457212.23,2021-03-22
UASG_150035,CNPJ_28.823.324/0001-29,Hardware,339138.2,2025-01-07
UASG_150035,CNPJ_30.836.966/0001-35,Suporte,423373.26,2021-09-23
UASG_150035,CNPJ_32.330.848/0001-24,Suporte,409020.56,2022-11-12
UASG_150035,CNPJ_39.423.245/0001-71,Software,348154.1,2025-08-11
UASG_150035,CNPJ_41.133.447/0001-81,Hardware,310098.94,2021-12-31
UASG_150035,CNPJ_43.177.829/0001-54,Software,295282.34,2022-10-10
UASG_150035,CNPJ_50.133.116/0001-46,Suporte,272929.63,2021-07-29
UASG_150035,CNPJ_64.722.763/0001-31,Suporte,444128.6,2025-06-19
UASG_150035,CNPJ_67.497.322/0001-14,Suporte,509418.74,2021-02-18
UASG_150035,CNPJ_68.904.160/0001-52,Software,498567.24,2024-02-25
UASG_150035,CNPJ_71.691.315/0001-92,Suporte,558354.55,2021-07-20
UASG_150036,CNPJ_12.345.678/0001-90,Oligopólio,5221069.93,2022-08-18
UASG_150036,CNPJ_14.833.862/0001-66,Software,496588.85,2023-08-21
UASG_150036,CNPJ_16.863.243/0001-69,Software,390920.44,2023-10-28
UASG_150036,CNPJ_32.330.848/0001-24,Suporte,327239.68,2022-10-06
UASG_150036,CNPJ_45.391.893/0001-52,Software,419237.11,2025-02-17
UASG_150036,CNPJ_63.146.826/0001-58,Software,470519.43,2021-05-21
UASG_150036,CNPJ_63.984.342/0001-83,Hardware,296228.88,2022-10-19
UASG_150036,CNPJ_71.606.464/0001-82,Suporte,268353.51,2024-07-12
UASG_150036,CNPJ_71.890.226/0001-18,Suporte,300332.99,2021-09-19
UASG_150036,CNPJ_72.963.842/0001-61,Software,262089.45,2021-05-21
UASG_150036,CNPJ_95.274.901/0001-74,Suporte,334663.71,2022-04-25
UASG_150036,CNPJ_96.904.174/0001-79,Nuvem,302463.09,2021-09-10
UASG_150036,CNPJ_98.765.432/0001-10,Oligopólio,3179927.96,2023-11-02
UASG_150037,CNPJ_13.115.891/0001-89,Suporte,359250.28,2024-08-01
UASG_150037,CNPJ_15.315.246/0001-89,Suporte,462017.78,2024-12-30
UASG_150037,CNPJ_39.758.756/0001-72,Software,301656.45,2021-03-03
UASG_150037,CNPJ_42.497.376/0001-57,Suporte,286472.01,2021-08-22
UASG_150037,CNPJ_45.678.901/0001-22,Oligopólio,4753396.8100000005,2021-07-26
UASG_150037,CNPJ_50.839.803/0001-36,Suporte,268205.52,2023-09-04
UASG_150037,CNPJ_60.673.540/0001-75,Software,370053.93,2024-04-28
UASG_150037,CNPJ_61.809.600/0001-97,Software,462063.87,2022-05-10
UASG_150037,CNPJ_88.137.427/0001-14,Hardware,333858.76,2021-02-02
UASG_150037,CNPJ_91.322.471/0001-48,Software,438268.59,2025-12-01
UASG_150037,CNPJ_96.177.315/0001-11,Suporte,302398.96,2024-10-19
UASG_150037,CNPJ_98.765.432/0001-10,Oligopólio,2560848.44,2023-05-23
UASG_150038,CNPJ_10.504.922/0001-15,Suporte,399861.27,2024-01-02
UASG_150038,CNPJ_12.345.678/0001-90,Oligopólio,4969543.84,2022-03-26
UASG_150038,CNPJ_25.708.300/0001-68,Hardware,353365.68,2024-02-20
UASG_150038,CNPJ_29.360.904/0001-47,Suporte,309725.62,2024-05-12
UASG_150038,CNPJ_50.133.116/0001-46,Suporte,317172.87,2022-06-20
UASG_150038,CNPJ_61.818.402/0001-65,Software,324873.13,2023-05-26
UASG_150038,CNPJ_62.769.650/0001-40,Hardware,286914.66,2024-05-03
UASG_150038,CNPJ_63.217.870/0001-59,Nuvem,471689.34,2023-08-19
UASG_150038,CNPJ_64.722.763/0001-31,Suporte,391926.08,2022-07-10
UASG_150038,CNPJ_70.990.589/0001-44,Suporte,244324.37,2025-04-19
UASG_150038,CNPJ_74.245.323/0001-58,Software,410511.08,2023-07-13
UASG_150038,CNPJ_82.679.456/0001-20,Nuvem,363911.41,2021-11-03
UASG_150038,CNPJ_85.939.444/0001-55,Nuvem,502404.04,2021-09-25
UASG_150038,CNPJ_91.405.369/0001-73,Suporte,373102.05,2024-09-28
UASG_150039,CNPJ_12.345.678/0001-90,Oligopólio,5532221.34,2024-03-07
UASG_150039,CNPJ_33.448.596/0001-55,Nuvem,524646.18,2022-10-22
UASG_150039,CNPJ_35.966.917/0001-34,Suporte,533851.21,2025-11-13
UASG_150039,CNPJ_39.243.523/0001-28,Hardware,554515.24,2021-01-31
UASG_150039,CNPJ_39.758.756/0001-72,Software,321327.13,2022-06-17
UASG_150039,CNPJ_40.139.328/0001-45,Nuvem,336793.29,2021-02-05
UASG_150039,CNPJ_41.133.447/0001-81,Hardware,532933.18,2022-02-06
UASG_150039,CNPJ_84.545.929/0001-33,Nuvem,471761.45,2023-07-12
UASG_150039,CNPJ_88.452.431/0001-58,Nuvem,341099.46,2024-09-02
UASG_150039,CNPJ_96.584.473/0001-89,Suporte,258477.15,2021-07-15
UASG_150039,CNPJ_98.198.252/0001-27,Hardware,401364.31,2022-04-14
UASG_150040,CNPJ_12.345.678/0001-90,Oligopólio,6757445.380000001,2025-05-12
UASG_150040,CNPJ_14.833.862/0001-66,Software,514187.31,2022-11-20
UASG_150040,CNPJ_15.413.121/0001-35,Software,243969.29,2024-10-31
UASG_150040,CNPJ_24.153.543/0001-17,Suporte,441846.53,2023-01-11
UASG_150040,CNPJ_26.625.258/0001-33,Hardware,444375.24,2023-11-14
UASG_150040,CNPJ_38.748.294/0001-34,Nuvem,454676.76,2024-10-22
UASG_150040,CNPJ_45.678.901/0001-22,Oligopólio,5003656.140000001,2021-07-08
UASG_150040,CNPJ_48.913.128/0001-71,Hardware,384900.39,2025-02-24
UASG_150040,CNPJ_64.624.378/0001-98,Hardware,332881.63,2024-08-22
UASG_150040,CNPJ_93.839.620/0001-47,Hardware,286204.04,2024-09-20
UASG_150041,CNPJ_12.345.678/0001-90,Oligopólio,35439092.21,2023-02-12
UASG_150041,CNPJ_26.625.258/0001-33,Hardware,823117.75,2021-09-01
UASG_150041,CNPJ_28.737.229/0001-62,Software,1650823.42,2023-06-02
UASG_150041,CNPJ_37.165.262/0001-14,Software,843258.52,2025-04-04
UASG_150041,CNPJ_42.790.526/0001-21,Software,721371.21,2024-07-28
UASG_150041,CNPJ_42.823.560/0001-38,Hardware,1524392.04,2022-04-16
UASG_150041,CNPJ_51.455.290/0001-36,Suporte,903461.4,2022-11-11
UASG_150041,CNPJ_61.818.402/0001-65,Software,1339749.29,2021-01-01
UASG_150041,CNPJ_83.964.217/0001-47,Software,1329047.18,2021-08-15
UASG_150041,CNPJ_91.822.761/0001-46,Nuvem,1471090.06,2022-08-12
UASG_150042,CNPJ_12.345.678/0001-90,Oligopólio,8094066.27,2022-12-09
UASG_150042,CNPJ_17.832.730/0001-62,Suporte,847993.74,2023-03-09
UASG_150042,CNPJ_19.784.500/0001-35,Software,733984.47,2025-11-22
UASG_150042,CNPJ_27.605.905/0001-24,Hardware,1007932.22,2023-01-16
UASG_150042,CNPJ_33.649.518/0001-58,Nuvem,1037338.56,2021-09-02
UASG_150042,CNPJ_34.244.324/0001-75,Software,1367897.47,2024-01-03
UASG_150042,CNPJ_42.823.560/0001-38,Hardware,1093857.29,2024-05-07
UASG_150042,CNPJ_45.678.901/0001-22,Oligopólio,8663178.97,2023-04-14
UASG_150042,CNPJ_61.818.402/0001-65,Software,1637121.3,2021-01-17
UASG_150042,CNPJ_73.985.383/0001-46,Software,737286.29,2024-09-12
UASG_150042,CNPJ_98.765.432/0001-10,Oligopólio,31255917.5,2025-10-22
UASG_150043,CNPJ_10.232.375/0001-17,Suporte,1036148.43,2025-07-07
UASG_150043,CNPJ_12.345.678/0001-90,Oligopólio,34081700.18,2025-02-04
UASG_150043,CNPJ_21.636.400/0001-28,Nuvem,915615.8,2025-05-29
UASG_150043,CNPJ_23.419.649/0001-46,Software,1613591.11,2025-02-14
UASG_150043,CNPJ_45.678.901/0001-22,Oligopólio,18913721.619999997,2023-01-19
UASG_150043,CNPJ_47.652.417/0001-69,Software,926658.28,2024-02-28
UASG_150043,CNPJ_70.990.589/0001-44,Suporte,792560.27,2021-08-18
UASG_150043,CNPJ_71.890.226/0001-18,Suporte,1423092.91,2022-12-21
UASG_150043,CNPJ_82.679.456/0001-20,Nuvem,2593258.57,2022-11-23
UASG_150043,CNPJ_98.765.432/0001-10,Oligopólio,16902833.990000002,2023-06-29
UASG_150044,CNPJ_12.345.678/0001-90,Oligopólio,6310856.22,2021-12-19
UASG_150044,CNPJ_45.678.901/0001-22,Oligopólio,56935800.17,2025-03-10
UASG_150044,CNPJ_46.415.787/0001-86,Nuvem,819087.98,2024-10-13
UASG_150044,CNPJ_61.818.402/0001-65,Software,751542.43,2021-01-23
UASG_150044,CNPJ_80.919.588/0001-42,Software,1591450.79,2022-11-11
UASG_150044,CNPJ_85.939.444/0001-55,Nuvem,1232141.0,2021-02-26
UASG_150044,CNPJ_88.958.534/0001-72,Suporte,765917.59,2024-05-08
UASG_150044,CNPJ_97.434.641/0001-60,Suporte,1065086.04,2021-08-17
UASG_150044,CNPJ_98.765.432/0001-10,Oligopólio,30224630.93,2024-09-29
UASG_150045,CNPJ_11.352.598/0001-44,Software,944831.1,2022-10-30
UASG_150045,CNPJ_12.345.678/0001-90,Oligopólio,25735402.72,2023-04-19
UASG_150045,CNPJ_26.352.329/0001-16,Software,1616931.95,2022-01-06
UASG_150045,CNPJ_45.281.924/0001-10,Nuvem,1473680.31,2022-07-02
UASG_150045,CNPJ_45.678.901/0001-22,Oligopólio,6966126.45,2022-04-01
UASG_150045,CNPJ_47.643.110/0001-54,Suporte,890257.31,2021-04-22
UASG_150045,CNPJ_58.625.242/0001-40,Nuvem,922107.35,2023-07-14
UASG_150045,CNPJ_63.262.819/0001-70,Hardware,858470.42,2025-04-20
UASG_150045,CNPJ_64.722.763/0001-31,Suporte,792267.57,2024-08-30
UASG_150045,CNPJ_65.414.976/0001-79,Suporte,947658.69,2022-09-12
UASG_150045,CNPJ_77.963.583/0001-77,Software,1538440.94,2022-05-21
UASG_150045,CNPJ_81.878.972/0001-23,Suporte,1152244.08,2025-08-01
UASG_150045,CNPJ_93.831.174/0001-13,Hardware,1274032.4,2021-12-11
UASG_150045,CNPJ_98.765.432/0001-10,Oligopólio,9051011.29,2024-10-10
UASG_150046,CNPJ_11.352.598/0001-44,Software,1177402.82,2021-05-09
UASG_150046,CNPJ_12.345.678/0001-90,Oligopólio,7662300.94,2024-07-18
UASG_150046,CNPJ_25.753.982/0001-96,Hardware,1202391.24,2022-06-26
UASG_150046,CNPJ_45.281.924/0001-10,Nuvem,1338705.66,2024-12-14
UASG_150046,CNPJ_45.678.901/0001-22,Oligopólio,17220245.67,2021-05-03
UASG_150046,CNPJ_50.852.605/0001-12,Suporte,1582002.42,2025-09-19
UASG_150046,CNPJ_53.636.244/0001-22,Software,1310811.76,2025-07-25
UASG_150046,CNPJ_62.619.690/0001-36,Suporte,1244750.34,2025-05-30
UASG_150046,CNPJ_96.904.174/0001-79,Nuvem,902723.5,2023-03-21
UASG_150046,CNPJ_97.102.259/0001-22,Hardware,1582017.88,2024-06-09
UASG_150046,CNPJ_98.765.432/0001-10,Oligopólio,8426078.76,2023-09-16
UASG_150047,CNPJ_12.345.678/0001-90,Oligopólio,10106521.3,2021-03-10
UASG_150047,CNPJ_25.753.982/0001-96,Hardware,931668.9,2023-11-12
UASG_150047,CNPJ_45.195.763/0001-32,Nuvem,1385192.55,2025-04-02
UASG_150047,CNPJ_45.678.901/0001-22,Oligopólio,6514043.0,2024-11-06
UASG_150047,CNPJ_60.138.297/0001-15,Software,778180.71,2022-03-10
UASG_150047,CNPJ_63.984.342/0001-83,Hardware,1415981.92,2025-05-12
UASG_150047,CNPJ_78.486.606/0001-10,Software,1342304.13,2022-02-26
UASG_150047,CNPJ_80.663.871/0001-68,Software,1120505.68,2023-07-13
UASG_150047,CNPJ_96.177.315/0001-11,Suporte,1322635.6,2025-01-02
UASG_150047,CNPJ_98.765.432/0001-10,Oligopólio,20160927.34,2022-11-14
UASG_150048,CNPJ_10.232.375/0001-17,Suporte,1136239.48,2024-12-13
UASG_150048,CNPJ_12.345.678/0001-90,Oligopólio,13437797.42,2021-03-01
UASG_150048,CNPJ_28.823.324/0001-29,Hardware,1142455.72,2025-05-21
UASG_150048,CNPJ_35.701.517/0001-16,Hardware,1378225.68,2023-05-21
UASG_150048,CNPJ_37.813.138/0001-66,Suporte,1501215.64,2022-10-27
UASG_150048,CNPJ_41.790.736/0001-47,Software,1033573.68,2023-03-10
UASG_150048,CNPJ_45.678.901/0001-22,Oligopólio,8287128.47,2024-08-18
UASG_150048,CNPJ_54.925.860/0001-40,Suporte,1512852.7,2025-09-14
UASG_150048,CNPJ_88.137.427/0001-14,Hardware,1615189.37,2025-09-07
UASG_150048,CNPJ_98.765.432/0001-10,Oligopólio,19241087.67,2025-03-07
UASG_150049,CNPJ_11.319.665/0001-96,Software,1477833.05,2023-12-31
UASG_150049,CNPJ_12.345.678/0001-90,Oligopólio,16974743.18,2023-12-04
UASG_150049,CNPJ_28.888.104/0001-91,Software,1093640.27,2021-09-19
UASG_150049,CNPJ_29.360.904/0001-47,Suporte,1350300.19,2023-09-28
UASG_150049,CNPJ_45.212.286/0001-48,Suporte,877501.04,2024-08-03
UASG_150049,CNPJ_45.678.901/0001-22,Oligopólio,21521293.74,2024-03-15
UASG_150049,CNPJ_48.626.987/0001-13,Suporte,942773.51,2023-07-21
UASG_150049,CNPJ_56.966.922/0001-49,Suporte,1234209.12,2025-06-02
UASG_150049,CNPJ_66.371.539/0001-19,Hardware,1187599.24,2023-04-17
UASG_150049,CNPJ_78.622.845/0001-11,Software,1137911.25,2021-07-11
UASG_150049,CNPJ_83.964.217/0001-47,Software,829908.13,2023-09-17
UASG_150049,CNPJ_98.367.754/0001-68,Nuvem,1533041.98,2023-04-22
UASG_150049,CNPJ_98.765.432/0001-10,Oligopólio,27838224.880000003,2024-08-27
UASG_150050,CNPJ_10.232.375/0001-17,Suporte,1289060.1,2022-01-12
UASG_150050,CNPJ_12.345.678/0001-90,Oligopólio,22429837.869999997,2024-03-19
UASG_150050,CNPJ_31.765.255/0001-94,Software,1365956.8,2021-12-04
UASG_150050,CNPJ_45.678.901/0001-22,Oligopólio,22551375.240000002,2021-08-17
UASG_150050,CNPJ_47.803.863/0001-47,Suporte,1126788.72,2024-05-10
UASG_150050,CNPJ_58.116.429/0001-66,Software,1031356.2,2022-05-05
UASG_150050,CNPJ_63.984.342/0001-83,Hardware,1290370.94,2024-12-19
UASG_150050,CNPJ_65.897.341/0001-14,Hardware,1380690.16,2024-10-07
UASG_150050,CNPJ_68.904.160/0001-52,Software,1148999.23,2025-03-05
UASG_150050,CNPJ_80.316.400/0001-13,Software,1099147.38,2024-09-22
UASG_150051,CNPJ_12.345.678/0001-90,Oligopólio,13929787.25,2023-10-01
UASG_150051,CNPJ_15.413.121/0001-35,Software,740180.26,2025-08-13
UASG_150051,CNPJ_28.915.307/0001-12,Nuvem,1375346.5,2024-05-30
UASG_150051,CNPJ_45.678.901/0001-22,Oligopólio,22588741.67,2024-12-08
UASG_150051,CNPJ_51.124.138/0001-44,Suporte,1411638.47,2025-11-02
UASG_150051,CNPJ_98.765.432/0001-10,Oligopólio,11425825.32,2024-12-05
UASG_150052,CNPJ_12.345.678/0001-90,Oligopólio,15257068.35,2022-09-29
UASG_150052,CNPJ_12.904.270/0001-49,Software,986775.48,2024-11-06
UASG_150052,CNPJ_14.833.862/0001-66,Software,1483305.87,2024-10-29
UASG_150052,CNPJ_21.552.136/0001-41,Suporte,1199009.23,2021-02-07
UASG_150052,CNPJ_24.205.986/0001-53,Hardware,1262007.01,2025-08-09
UASG_150052,CNPJ_28.544.975/0001-63,Suporte,1345101.68,2024-04-14
UASG_150052,CNPJ_34.244.324/0001-75,Software,1223685.41,2021-11-10
UASG_150052,CNPJ_41.346.935/0001-64,Suporte,1151076.25,2024-08-27
UASG_150052,CNPJ_42.497.376/0001-57,Suporte,1359654.61,2022-04-27
UASG_150052,CNPJ_45.678.901/0001-22,Oligopólio,10969071.870000001,2021-07-11
UASG_150052,CNPJ_53.636.244/0001-22,Software,1318281.96,2021-10-29
UASG_150052,CNPJ_58.426.868/0001-22,Software,886583.53,2021-05-10
UASG_150052,CNPJ_62.966.599/0001-95,Suporte,1638909.08,2025-06-23
UASG_150052,CNPJ_82.679.456/0001-20,Nuvem,986421.89,2022-03-20
UASG_150052,CNPJ_98.765.432/0001-10,Oligopólio,7056500.3,2023-12-23
UASG_150053,CNPJ_12.345.678/0001-90,Oligopólio,10995627.760000002,2022-10-09
UASG_150053,CNPJ_13.646.291/0001-58,Hardware,1148562.74,2025-01-14
UASG_150053,CNPJ_40.477.150/0001-38,Hardware,1107229.73,2025-12-01
UASG_150053,CNPJ_42.727.686/0001-81,Suporte,1260757.37,2021-09-17
UASG_150053,CNPJ_45.470.893/0001-38,Software,1114742.86,2021-05-10
UASG_150053,CNPJ_45.678.901/0001-22,Oligopólio,41581238.29,2022-06-07
UASG_150053,CNPJ_62.250.243/0001-66,Hardware,1606782.14,2021-06-30
UASG_150053,CNPJ_62.619.690/0001-36,Suporte,778877.72,2024-09-11
UASG_150053,CNPJ_83.971.649/0001-15,Software,1621494.81,2023-07-06
UASG_150054,CNPJ_12.345.678/0001-90,Oligopólio,42441652.69,2023-12-19
UASG_150054,CNPJ_14.833.862/0001-66,Software,1025531.56,2022-01-07
UASG_150054,CNPJ_28.915.307/0001-12,Nuvem,995913.21,2021-08-15
UASG_150054,CNPJ_32.306.328/0001-94,Suporte,794510.06,2021-03-14
UASG_150054,CNPJ_43.722.875/0001-49,Software,1442532.76,2024-01-22
UASG_150054,CNPJ_45.678.901/0001-22,Oligopólio,54067735.3,2024-08-31
UASG_150054,CNPJ_47.803.863/0001-47,Suporte,1370700.67,2024-04-11
UASG_150054,CNPJ_49.760.530/0001-82,Suporte,1382564.23,2024-10-26
UASG_150054,CNPJ_61.480.559/0001-16,Hardware,1500223.59,2025-03-07
UASG_150054,CNPJ_65.594.526/0001-59,Software,735113.2,2024-12-09
UASG_150054,CNPJ_70.990.589/0001-44,Suporte,1592013.32,2025-07-14
UASG_150054,CNPJ_88.452.431/0001-58,Nuvem,1376092.24,2022-12-06
UASG_150054,CNPJ_98.765.432/0001-10,Oligopólio,5951590.08,2022-02-16
UASG_150055,CNPJ_12.345.678/0001-90,Oligopólio,13213339.42,2025-04-09
UASG_150055,CNPJ_24.153.543/0001-17,Suporte,1036061.39,2021-08-19
UASG_150055,CNPJ_31.558.638/0001-76,Nuvem,1336185.56,2021-01-12
UASG_150055,CNPJ_42.492.910/0001-57,Software,1326927.93,2024-04-15
UASG_150055,CNPJ_45.195.763/0001-32,Nuvem,1482795.15,2025-08-21
UASG_150055,CNPJ_45.678.901/0001-22,Oligopólio,14042524.84,2023-07-10
UASG_150055,CNPJ_63.984.342/0001-83,Hardware,1593353.94,2025-06-27
UASG_150055,CNPJ_79.566.513/0001-80,Software,922782.56,2023-12-05
UASG_150055,CNPJ_98.367.754/0001-68,Nuvem,1041483.16,2023-08-31
UASG_150055,CNPJ_98.765.432/0001-10,Oligopólio,33184384.58,2023-06-24
UASG_150056,CNPJ_10.850.901/0001-57,Hardware,868281.36,2025-08-20
UASG_150056,CNPJ_12.345.678/0001-90,Oligopólio,14051023.14,2021-10-13
UASG_150056,CNPJ_14.969.870/0001-62,Software,1679362.83,2024-02-01
UASG_150056,CNPJ_27.605.905/0001-24,Hardware,1217997.93,2025-10-02
UASG_150056,CNPJ_38.748.294/0001-34,Nuvem,728508.75,2021-01-19
UASG_150056,CNPJ_45.391.893/0001-52,Software,1655779.05,2025-11-09
UASG_150056,CNPJ_45.678.901/0001-22,Oligopólio,24094296.439999998,2022-12-01
UASG_150056,CNPJ_55.675.229/0001-63,Suporte,1834177.23,2023-07-18
UASG_150056,CNPJ_98.765.432/0001-10,Oligopólio,15481968.59,2023-03-09
UASG_150057,CNPJ_10.232.375/0001-17,Suporte,1424785.21,2021-06-11
UASG_150057,CNPJ_12.345.678/0001-90,Oligopólio,5973303.76,2023-09-11
UASG_150057,CNPJ_19.283.500/0001-83,Suporte,1012030.77,2024-09-02
UASG_150057,CNPJ_21.636.400/0001-28,Nuvem,1662387.19,2022-04-01
UASG_150057,CNPJ_29.772.813/0001-49,Hardware,983558.64,2021-09-20
UASG_150057,CNPJ_42.790.526/0001-21,Software,1528765.54,2021-03-10
UASG_150057,CNPJ_45.678.901/0001-22,Oligopólio,29314387.450000003,2023-05-19
UASG_150057,CNPJ_50.133.116/0001-46,Suporte,959754.41,2024-07-06
UASG_150057,CNPJ_70.990.589/0001-44,Suporte,1310466.96,2021-05-07
UASG_150057,CNPJ_74.245.323/0001-58,Software,1212648.08,2025-06-01
UASG_150057,CNPJ_81.510.748/0001-71,Hardware,1020348.63,2022-01-10
UASG_150057,CNPJ_91.405.369/0001-73,Suporte,758647.68,2021-03-17
UASG_150057,CNPJ_98.765.432/0001-10,Oligopólio,41262612.44,2021-08-21
UASG_150058,CNPJ_12.345.678/0001-90,Oligopólio,26925032.62,2023-12-11
UASG_150058,CNPJ_45.678.901/0001-22,Oligopólio,19087181.71,2023-04-29
UASG_150058,CNPJ_48.913.128/0001-71,Hardware,1118222.51,2024-02-23
UASG_150058,CNPJ_49.400.323/0001-71,Software,861554.5,2023-07-27
UASG_150058,CNPJ_63.217.870/0001-59,Nuvem,1025864.6,2023-04-09
UASG_150058,CNPJ_80.895.817/0001-61,Software,787959.78,2024-01-11
UASG_150058,CNPJ_86.820.171/0001-30,Hardware,1187133.76,2025-08-21
UASG_150058,CNPJ_98.765.432/0001-10,Oligopólio,58011368.86,2021-09-10
UASG_150059,CNPJ_11.352.598/0001-44,Software,958448.26,2024-04-26
UASG_150059,CNPJ_12.345.678/0001-90,Oligopólio,21116672.52,2021-10-31
UASG_150059,CNPJ_23.419.649/0001-46,Software,1083095.53,2021-04-24
UASG_150059,CNPJ_30.836.966/0001-35,Suporte,997863.26,2025-10-16
UASG_150059,CNPJ_30.937.612/0001-14,Software,1396839.27,2021-07-10
UASG_150059,CNPJ_31.413.669/0001-95,Software,1514698.6099999999,2025-09-24
UASG_150059,CNPJ_32.749.271/0001-11,Software,1165668.98,2023-04-23
UASG_150059,CNPJ_34.923.216/0001-15,Suporte,980632.32,2024-07-10
UASG_150059,CNPJ_35.966.917/0001-34,Suporte,1394302.77,2022-05-23
UASG_150059,CNPJ_45.281.924/0001-10,Nuvem,1427929.04,2021-03-29
UASG_150059,CNPJ_45.678.901/0001-22,Oligopólio,38690956.7,2023-06-11
UASG_150059,CNPJ_71.890.226/0001-18,Suporte,1405105.99,2025-03-24
UASG_150059,CNPJ_96.177.315/0001-11,Suporte,1625352.8,2022-02-18
UASG_150059,CNPJ_96.584.473/0001-89,Suporte,784544.81,2023-01-22
UASG_150059,CNPJ_98.765.432/0001-10,Oligopólio,12534303.54,2023-05-08
UASG_150060,CNPJ_12.345.678/0001-90,Oligopólio,23077408.02,2024-04-30
UASG_150060,CNPJ_21.552.136/0001-41,Suporte,1106234.04,2022-08-06
UASG_150060,CNPJ_36.388.353/0001-77,Software,1144076.63,2023-01-05
UASG_150060,CNPJ_43.722.875/0001-49,Software,1368813.84,2021-06-24
UASG_150060,CNPJ_45.678.901/0001-22,Oligopólio,4537544.83,2025-02-06
UASG_150060,CNPJ_55.675.229/0001-63,Suporte,987003.99,2025-11-09
UASG_150060,CNPJ_60.272.399/0001-14,Hardware,1135197.96,2025-08-04
UASG_150060,CNPJ_72.511.671/0001-88,Nuvem,1420966.52,2021-08-02
UASG_150060,CNPJ_98.765.432/0001-10,Oligopólio,16790828.009999998,2022-04-04
UASG_150061,CNPJ_12.345.678/0001-90,Oligopólio,15780957.42,2025-07-10
UASG_150061,CNPJ_14.202.295/0001-15,Hardware,784961.63,2025-06-10
UASG_150061,CNPJ_17.832.730/0001-62,Suporte,1367623.54,2024-08-17
UASG_150061,CNPJ_34.923.216/0001-15,Suporte,1462256.16,2024-04-20
UASG_150061,CNPJ_45.678.901/0001-22,Oligopólio,9861838.879999999,2024-10-21
UASG_150061,CNPJ_63.146.826/0001-58,Software,1182715.12,2025-04-01
UASG_150061,CNPJ_65.594.526/0001-59,Software,1579254.34,2021-11-02
UASG_150061,CNPJ_86.358.772/0001-15,Software,1405344.9,2025-05-05
UASG_150061,CNPJ_95.600.216/0001-11,Suporte,964090.78,2021-10-19
UASG_150061,CNPJ_96.177.315/0001-11,Suporte,1019186.8,2022-05-17
UASG_150061,CNPJ_98.765.432/0001-10,Oligopólio,9261423.93,2022-09-07
UASG_150062,CNPJ_12.345.678/0001-90,Oligopólio,9677784.28,2022-06-21
UASG_150062,CNPJ_15.315.246/0001-89,Suporte,1417251.36,2025-08-23
UASG_150062,CNPJ_25.753.982/0001-96,Hardware,1124650.74,2025-10-08
UASG_150062,CNPJ_39.243.523/0001-28,Hardware,775888.81,2024-07-23
UASG_150062,CNPJ_42.497.376/0001-57,Suporte,1366316.58,2024-11-11
UASG_150062,CNPJ_45.678.901/0001-22,Oligopólio,10340199.4,2022-10-18
UASG_150062,CNPJ_62.769.650/0001-40,Hardware,1636822.0,2021-12-20
UASG_150062,CNPJ_69.973.113/0001-84,Suporte,1486765.62,2022-10-14
UASG_150062,CNPJ_78.486.606/0001-10,Software,1103730.77,2023-08-13
UASG_150062,CNPJ_91.405.369/0001-73,Suporte,1331291.25,2024-05-30
UASG_150062,CNPJ_98.765.432/0001-10,Oligopólio,40978936.480000004,2025-08-02
UASG_150063,CNPJ_12.345.678/0001-90,Oligopólio,16094118.41,2022-06-28
UASG_150063,CNPJ_12.904.270/0001-49,Software,1296907.67,2022-07-07
UASG_150063,CNPJ_16.924.135/0001-54,Hardware,1524701.2,2024-09-12
UASG_150063,CNPJ_26.625.258/0001-33,Hardware,773511.22,2021-04-11
UASG_150063,CNPJ_30.836.966/0001-35,Suporte,1476672.89,2021-10-10
UASG_150063,CNPJ_41.346.935/0001-64,Suporte,1652671.72,2025-09-21
UASG_150063,CNPJ_45.470.893/0001-38,Software,1300140.46,2025-10-29
UASG_150063,CNPJ_47.803.863/0001-47,Suporte,1374098.89,2021-05-02
UASG_150063,CNPJ_49.400.323/0001-71,Software,1445944.54,2023-02-11
UASG_150063,CNPJ_98.765.432/0001-10,Oligopólio,5666685.87,2023-06-11
UASG_150064,CNPJ_81.510.748/0001-71,Hardware,1342814.77,2025-10-12
UASG_150064,CNPJ_83.513.213/0001-91,Suporte,857128.29,2024-07-29
UASG_150064,CNPJ_93.488.676/0001-58,Hardware,1647203.2,2024-10-27
UASG_150064,CNPJ_98.765.432/0001-10,Oligopólio,9842656.04,2021-03-29
UASG_150065,CNPJ_12.345.678/0001-90,Oligopólio,22426606.759999998,2023-12-07
UASG_150065,CNPJ_24.153.543/0001-17,Suporte,1096409.83,2021-05-19
UASG_150065,CNPJ_32.861.621/0001-78,Nuvem,1548405.5,2023-07-06
UASG_150065,CNPJ_42.492.910/0001-57,Software,994407.79,2023-02-18
UASG_150065,CNPJ_43.479.186/0001-64,Hardware,1078279.07,2025-07-31
UASG_150065,CNPJ_45.678.901/0001-22,Oligopólio,9887793.559999999,2025-04-14
UASG_150065,CNPJ_49.760.530/0001-82,Suporte,1306489.33,2022-12-12
UASG_150065,CNPJ_65.594.526/0001-59,Software,1344179.68,2022-09-07
UASG_150065,CNPJ_78.303.317/0001-57,Suporte,1074509.54,2022-05-04
UASG_150065,CNPJ_96.904.174/0001-79,Nuvem,1454748.83,2024-11-10
UASG_150065,CNPJ_98.765.432/0001-10,Oligopólio,50843807.4,2025-11-25
UASG_150066,CNPJ_12.345.678/0001-90,Oligopólio,12712301.719999999,2024-07-21
UASG_150066,CNPJ_45.678.901/0001-22,Oligopólio,26935188.09,2023-10-24
UASG_150066,CNPJ_65.822.417/0001-41,Software,1215962.49,2022-06-09
UASG_150066,CNPJ_67.759.575/0001-81,Hardware,1591440.77,2024-11-29
UASG_150066,CNPJ_98.765.432/0001-10,Oligopólio,7004297.65,2022-08-20
UASG_150066,CNPJ_98.953.926/0001-36,Software,963668.24,2024-03-24
UASG_150067,CNPJ_11.352.598/0001-44,Software,1039681.84,2024-02-28
UASG_150067,CNPJ_12.345.678/0001-90,Oligopólio,24015530.44,2023-06-24
UASG_150067,CNPJ_12.755.570/0001-66,Nuvem,1322873.65,2022-05-15
UASG_150067,CNPJ_31.413.669/0001-95,Software,1133745.81,2021-12-26
UASG_150067,CNPJ_45.678.901/0001-22,Oligopólio,15519749.91,2022-09-20
UASG_150067,CNPJ_62.966.599/0001-95,Suporte,756063.58,2023-11-01
UASG_150067,CNPJ_77.963.583/0001-77,Software,1210041.73,2021-02-24
UASG_150067,CNPJ_83.142.655/0001-38,Hardware,787714.21,2024-02-12
UASG_150068,CNPJ_12.345.678/0001-90,Oligopólio,26427495.12,2024-07-18
UASG_150068,CNPJ_17.932.412/0001-76,Hardware,1641433.46,2021-04-29
UASG_150068,CNPJ_24.153.543/0001-17,Suporte,1589303.8,2022-09-13
UASG_150068,CNPJ_25.457.507/0001-37,Software,1364619.98,2025-06-03
UASG_150068,CNPJ_26.739.975/0001-60,Hardware,740168.79,2024-12-03
UASG_150068,CNPJ_32.330.848/0001-24,Suporte,1130020.84,2024-08-02
UASG_150068,CNPJ_34.244.324/0001-75,Software,1125489.14,2021-07-17
UASG_150068,CNPJ_45.391.893/0001-52,Software,1508141.78,2022-12-27
UASG_150068,CNPJ_45.678.901/0001-22,Oligopólio,21852717.009999998,2022-07-04
UASG_150068,CNPJ_56.220.313/0001-65,Nuvem,1405847.2,2023-07-06
UASG_150068,CNPJ_58.116.429/0001-66,Software,1389279.6,2023-05-04
UASG_150068,CNPJ_95.762.738/0001-36,Software,1532279.24,2023-08-03
UASG_150068,CNPJ_98.765.432/0001-10,Oligopólio,15989990.11,2025-07-23
UASG_150069,CNPJ_10.504.922/0001-15,Suporte,1309919.48,2022-12-23
UASG_150069,CNPJ_10.878.572/0001-59,Nuvem,1610929.68,2025-04-28
UASG_150069,CNPJ_12.212.712/0001-65,Hardware,1401284.49,2025-01-07
UASG_150069,CNPJ_12.345.678/0001-90,Oligopólio,15840946.62,2023-09-05
UASG_150069,CNPJ_35.966.917/0001-34,Suporte,1573300.89,2021-06-14
UASG_150069,CNPJ_41.346.935/0001-64,Suporte,1643052.81,2025-02-15
UASG_150069,CNPJ_45.391.893/0001-52,Software,1216030.45,2021-10-09
UASG_150069,CNPJ_45.678.901/0001-22,Oligopólio,28219488.509999998,2023-04-28
UASG_150069,CNPJ_65.897.341/0001-14,Hardware,865810.73,2023-02-27
UASG_150069,CNPJ_78.486.606/0001-10,Software,1236691.3,2024-01-10
UASG_150069,CNPJ_81.878.972/0001-23,Suporte,779291.89,2024-08-05
UASG_150069,CNPJ_84.512.475/0001-45,Software,1146147.68,2024-11-06
UASG_150069,CNPJ_88.139.636/0001-14,Suporte,1088421.56,2021-09-07
UASG_150069,CNPJ_98.765.432/0001-10,Oligopólio,12181481.469999999,2025-01-08
UASG_150070,CNPJ_10.371.288/0001-73,Software,890233.49,2021-10-14
UASG_150070,CNPJ_12.345.678/0001-90,Oligopólio,8499154.99,2022-07-14
UASG_150070,CNPJ_12.448.792/0001-33,Nuvem,1191761.45,2025-05-30
UASG_150070,CNPJ_25.753.982/0001-96,Hardware,1184158.16,2025-01-06
UASG_150070,CNPJ_39.243.523/0001-28,Hardware,1042937.97,2023-03-09
UASG_150070,CNPJ_45.678.901/0001-22,Oligopólio,19134078.5,2023-04-08
UASG_150070,CNPJ_61.480.559/0001-16,Hardware,891122.37,2022-02-03
UASG_150070,CNPJ_61.809.600/0001-97,Software,1357238.1,2024-03-17
UASG_150070,CNPJ_69.782.559/0001-77,Suporte,1109205.91,2024-01-30
UASG_150070,CNPJ_77.943.784/0001-11,Hardware,1366168.45,2022-01-23
UASG_150070,CNPJ_78.303.317/0001-57,Suporte,1623052.08,2024-12-20
UASG_150070,CNPJ_78.486.606/0001-10,Software,1634173.45,2025-08-03
UASG_150070,CNPJ_84.545.929/0001-33,Nuvem,1088479.63,2021-05-17
UASG_150070,CNPJ_98.765.432/0001-10,Oligopólio,8288255.87,2025-12-05
UASG_150070,CNPJ_98.953.926/0001-36,Software,1316262.07,2024-04-04
UASG_150071,CNPJ_12.345.678/0001-90,Oligopólio,15435269.25,2023-02-28
UASG_150071,CNPJ_18.894.733/0001-75,Hardware,1364452.25,2021-12-25
UASG_150071,CNPJ_20.506.868/0001-55,Hardware,915901.81,2021-07-18
UASG_150071,CNPJ_45.678.901/0001-22,Oligopólio,8281252.49,2022-12-12
UASG_150071,CNPJ_46.104.950/0001-87,Software,966608.49,2024-01-06
UASG_150071,CNPJ_46.415.787/0001-86,Nuvem,1256771.19,2022-09-19
UASG_150071,CNPJ_58.247.729/0001-95,Hardware,1081971.77,2022-03-28
UASG_150071,CNPJ_62.619.690/0001-36,Suporte,1654458.52,2023-11-03
UASG_150071,CNPJ_82.857.377/0001-13,Hardware,1482876.38,2025-02-04
UASG_150071,CNPJ_87.111.589/0001-29,Nuvem,1222455.27,2025-05-16
UASG_150071,CNPJ_93.488.676/0001-58,Hardware,1249986.59,2024-01-29
UASG_150071,CNPJ_98.765.432/0001-10,Oligopólio,23913387.209999997,2022-02-01
UASG_150072,CNPJ_10.850.901/0001-57,Hardware,908007.18,2021-08-26
UASG_150072,CNPJ_12.345.678/0001-90,Oligopólio,19041720.740000002,2024-06-13
UASG_150072,CNPJ_15.413.121/0001-35,Software,1084594.35,2021-11-24
UASG_150072,CNPJ_25.708.300/0001-68,Hardware,1211064.62,2022-06-04
UASG_150072,CNPJ_29.251.661/0001-58,Software,1165378.81,2024-04-24
UASG_150072,CNPJ_30.937.612/0001-14,Software,1626879.1,2021-11-24
UASG_150072,CNPJ_33.649.518/0001-58,Nuvem,1329354.38,2024-09-21
UASG_150072,CNPJ_45.678.901/0001-22,Oligopólio,31119685.89,2022-10-23
UASG_150072,CNPJ_46.415.787/0001-86,Nuvem,1577366.6,2021-05-27
UASG_150072,CNPJ_50.469.815/0001-17,Nuvem,1335326.91,2024-09-02
UASG_150072,CNPJ_71.691.315/0001-92,Suporte,1319980.56,2022-01-22
UASG_150072,CNPJ_80.316.400/0001-13,Software,751153.03,2022-10-17
UASG_150072,CNPJ_89.638.683/0001-69,Hardware,766815.67,2023-12-18
UASG_150072,CNPJ_95.762.738/0001-36,Software,1248337.23,2024-11-22
UASG_150072,CNPJ_98.765.432/0001-10,Oligopólio,6747289.46,2025-06-23
UASG_150073,CNPJ_10.150.784/0001-86,Hardware,1084779.92,2023-04-17
UASG_150073,CNPJ_12.212.712/0001-65,Hardware,890104.8,2021-06-01
UASG_150073,CNPJ_12.345.678/0001-90,Oligopólio,18338171.92,2025-11-15
UASG_150073,CNPJ_15.830.267/0001-21,Suporte,764640.56,2021-09-07
UASG_150073,CNPJ_23.419.649/0001-46,Software,1373260.28,2022-07-26
UASG_150073,CNPJ_32.749.271/0001-11,Software,1234051.75,2023-06-09
UASG_150073,CNPJ_45.678.901/0001-22,Oligopólio,24080041.11,2024-05-28
UASG_150073,CNPJ_49.760.530/0001-82,Suporte,1174497.54,2023-06-18
UASG_150073,CNPJ_50.469.815/0001-17,Nuvem,1384474.89,2023-02-03
UASG_150073,CNPJ_61.818.402/0001-65,Software,1629530.88,2021-10-01
UASG_150073,CNPJ_62.684.498/0001-58,Software,927577.93,2022-04-10
UASG_150073,CNPJ_71.745.895/0001-37,Hardware,1343403.67,2025-03-25
UASG_150073,CNPJ_72.511.671/0001-88,Nuvem,1479063.46,2024-11-26
UASG_150073,CNPJ_74.418.712/0001-82,Suporte,1132269.98,2025-03-24
UASG_150073,CNPJ_93.417.210/0001-16,Suporte,1471870.48,2022-12-30
UASG_150073,CNPJ_95.762.738/0001-36,Software,1516115.33,2022-12-29
UASG_150073,CNPJ_98.765.432/0001-10,Oligopólio,10318656.600000001,2024-09-18
UASG_150074,CNPJ_12.345.678/0001-90,Oligopólio,7878986.33,2025-06-13
UASG_150074,CNPJ_17.932.412/0001-76,Hardware,846036.45,2024-04-16
UASG_150074,CNPJ_18.982.787/0001-81,Nuvem,1037752.27,2025-08-22
UASG_150074,CNPJ_26.739.975/0001-60,Hardware,1400684.41,2021-11-08
UASG_150074,CNPJ_36.388.353/0001-77,Software,1318578.43,2024-08-10
UASG_150074,CNPJ_39.576.145/0001-15,Software,901573.15,2023-03-25
UASG_150074,CNPJ_40.139.328/0001-45,Nuvem,1439312.36,2022-08-11
UASG_150074,CNPJ_45.678.901/0001-22,Oligopólio,8092154.41,2023-06-29
UASG_150074,CNPJ_53.636.244/0001-22,Software,1313214.3,2024-12-17
UASG_150074,CNPJ_56.220.313/0001-65,Nuvem,888752.46,2024-01-18
UASG_150074,CNPJ_63.146.826/0001-58,Software,1375211.26,2023-10-02
UASG_150074,CNPJ_71.890.226/0001-18,Suporte,1046104.91,2021-05-21
UASG_150074,CNPJ_93.831.174/0001-13,Hardware,1292149.29,2023-05-31
UASG_150074,CNPJ_96.177.315/0001-11,Suporte,1094676.39,2024-04-04
UASG_150074,CNPJ_98.765.432/0001-10,Oligopólio,19081393.87,2023-08-30
UASG_150074,CNPJ_98.953.926/0001-36,Software,1220591.06,2022-11-22
UASG_150075,CNPJ_12.345.678/0001-90,Oligopólio,8217409.35,2021-04-27
UASG_150075,CNPJ_16.294.500/0001-42,Software,1559335.04,2022-01-09
UASG_150075,CNPJ_31.765.255/0001-94,Software,781057.38,2023-12-14
UASG_150075,CNPJ_45.678.901/0001-22,Oligopólio,7927998.03,2024-05-16
UASG_150075,CNPJ_53.636.244/0001-22,Software,1397362.43,2022-11-10
UASG_150075,CNPJ_58.596.731/0001-53,Software,1612805.16,2021-08-27
UASG_150075,CNPJ_63.146.826/0001-58,Software,783179.29,2025-04-05
UASG_150075,CNPJ_64.722.763/0001-31,Suporte,1367794.85,2025-05-10
UASG_150075,CNPJ_96.904.174/0001-79,Nuvem,1038885.62,2025-05-11
UASG_150076,CNPJ_12.345.678/0001-90,Oligopólio,21381673.509999998,2023-09-13
UASG_150076,CNPJ_25.619.459/0001-13,Software,1021320.48,2023-04-11
UASG_150076,CNPJ_28.647.384/0001-69,Suporte,1462924.47,2022-10-21
UASG_150076,CNPJ_30.836.966/0001-35,Suporte,1443333.23,2025-12-01
UASG_150076,CNPJ_44.297.584/0001-68,Software,1182999.67,2021-01-26
UASG_150076,CNPJ_45.678.901/0001-22,Oligopólio,8180411.08,2024-07-23
UASG_150076,CNPJ_47.643.110/0001-54,Suporte,1124956.64,2025-10-08
UASG_150076,CNPJ_47.652.417/0001-69,Software,975582.24,2022-11-28
UASG_150076,CNPJ_48.626.987/0001-13,Suporte,1265255.33,2023-08-18
UASG_150076,CNPJ_51.188.501/0001-49,Software,997858.91,2025-01-15
UASG_150076,CNPJ_86.358.772/0001-15,Software,734878.31,2021-02-10
UASG_150076,CNPJ_91.822.761/0001-46,Nuvem,1404266.57,2022-06-12
UASG_150077,CNPJ_11.352.598/0001-44,Software,780655.77,2024-09-15
UASG_150077,CNPJ_12.345.678/0001-90,Oligopólio,15356078.55,2024-11-06
UASG_150077,CNPJ_21.552.136/0001-41,Suporte,1677295.06,2022-09-27
UASG_150077,CNPJ_25.708.300/0001-68,Hardware,944342.83,2023-04-11
UASG_150077,CNPJ_32.330.848/0001-24,Suporte,1218396.52,2021-03-13
UASG_150077,CNPJ_32.483.737/0001-54,Hardware,1534542.92,2024-12-22
UASG_150077,CNPJ_41.938.798/0001-95,Nuvem,1677717.91,2021-03-17
UASG_150077,CNPJ_45.678.901/0001-22,Oligopólio,24511773.64,2025-09-07
UASG_150077,CNPJ_67.345.736/0001-21,Software,771320.36,2023-05-31
UASG_150077,CNPJ_93.417.210/0001-16,Suporte,980553.01,2025-07-13
UASG_150077,CNPJ_98.765.432/0001-10,Oligopólio,10358739.18,2023-08-13
UASG_150078,CNPJ_12.345.678/0001-90,Oligopólio,15891333.42,2024-03-14
UASG_150078,CNPJ_12.813.854/0001-44,Hardware,1529546.97,2023-01-29
UASG_150078,CNPJ_15.719.350/0001-70,Hardware,1191066.57,2025-10-25
UASG_150078,CNPJ_18.894.733/0001-75,Hardware,1605472.79,2024-07-15
UASG_150078,CNPJ_41.133.447/0001-81,Hardware,1383596.8,2023-10-31
UASG_150078,CNPJ_45.678.901/0001-22,Oligopólio,17854641.47,2024-10-24
UASG_150078,CNPJ_55.626.252/0001-87,Software,1323108.59,2022-09-25
UASG_150078,CNPJ_56.387.877/0001-25,Nuvem,1295890.36,2025-08-18
UASG_150078,CNPJ_83.557.182/0001-26,Hardware,1118539.83,2022-08-20
UASG_150078,CNPJ_95.274.901/0001-74,Suporte,1458942.16,2023-01-31
UASG_150078,CNPJ_96.728.973/0001-95,Hardware,1523634.84,2024-06-12
UASG_150078,CNPJ_98.765.432/0001-10,Oligopólio,8816328.93,2021-06-06
UASG_150079,CNPJ_12.345.678/0001-90,Oligopólio,36240814.620000005,2022-03-22
UASG_150079,CNPJ_12.755.570/0001-66,Nuvem,883838.17,2021-05-29
UASG_150079,CNPJ_40.477.150/0001-38,Hardware,904004.47,2024-07-26
UASG_150079,CNPJ_41.574.951/0001-33,Suporte,1096529.08,2021-07-04
UASG_150079,CNPJ_45.678.901/0001-22,Oligopólio,9680907.65,2023-09-11
UASG_150079,CNPJ_58.711.495/0001-70,Nuvem,1030560.38,2021-08-30
UASG_150079,CNPJ_62.250.243/0001-66,Hardware,1150052.79,2025-02-15
UASG_150079,CNPJ_63.669.422/0001-55,Hardware,1152271.18,2022-11-12
UASG_150079,CNPJ_65.414.976/0001-79,Suporte,1571944.02,2021-04-26
UASG_150079,CNPJ_76.729.369/0001-89,Software,963141.49,2021-01-25
UASG_150079,CNPJ_98.183.229/0001-79,Suporte,1663973.43,2024-09-25
UASG_150079,CNPJ_98.765.432/0001-10,Oligopólio,40413802.79,2025-03-26
UASG_150080,CNPJ_11.324.900/0001-86,Hardware,1581298.89,2021-02-09
UASG_150080,CNPJ_12.345.678/0001-90,Oligopólio,15752836.030000001,2021-09-04
UASG_150080,CNPJ_43.262.931/0001-34,Suporte,1097082.02,2021-12-28
UASG_150080,CNPJ_45.678.901/0001-22,Oligopólio,20631673.82,2022-03-02
UASG_150080,CNPJ_50.133.116/0001-46,Suporte,1574823.31,2025-03-21
UASG_150080,CNPJ_52.225.316/0001-59,Nuvem,1487118.86,2025-08-22
UASG_150080,CNPJ_56.293.601/0001-47,Suporte,914739.11,2022-01-08
UASG_150080,CNPJ_65.139.965/0001-49,Software,1242344.28,2024-12-18
UASG_150080,CNPJ_69.782.559/0001-77,Suporte,1152049.85,2024-11-23
UASG_150080,CNPJ_72.401.443/0001-20,Nuvem,1004105.17,2024-06-16
UASG_150080,CNPJ_84.545.929/0001-33,Nuvem,1636473.63,2022-12-16
UASG_150080,CNPJ_96.177.315/0001-11,Suporte,1292201.85,2021-11-16
UASG_150080,CNPJ_98.765.432/0001-10,Oligopólio,26071703.89,2023-06-15
UASG_150081,CNPJ_12.212.712/0001-65,Hardware,2365185.56,2023-02-24
UASG_150081,CNPJ_12.345.678/0001-90,Oligopólio,43264776.32,2023-12-11
UASG_150081,CNPJ_45.678.901/0001-22,Oligopólio,28973297.41,2024-05-02
UASG_150081,CNPJ_46.415.787/0001-86,Nuvem,3328103.46,2021-01-11
UASG_150081,CNPJ_70.990.589/0001-44,Suporte,2222561.68,2025-09-07
UASG_150081,CNPJ_72.401.443/0001-20,Nuvem,3015219.49,2024-08-07
UASG_150081,CNPJ_76.766.192/0001-41,Hardware,2473597.33,2024-10-24
UASG_150081,CNPJ_81.878.972/0001-23,Suporte,2638297.77,2021-04-10
UASG_150081,CNPJ_98.765.432/0001-10,Oligopólio,67533013.89999999,2023-08-15
UASG_150082,CNPJ_12.345.678/0001-90,Oligopólio,88001825.2,2022-10-30
UASG_150082,CNPJ_29.772.813/0001-49,Hardware,1537638.57,2025-12-03
UASG_150082,CNPJ_35.202.293/0001-47,Software,3032431.92,2023-03-08
UASG_150082,CNPJ_45.678.901/0001-22,Oligopólio,29019117.08,2025-11-14
UASG_150082,CNPJ_76.175.253/0001-25,Hardware,3016013.25,2024-09-06
UASG_150082,CNPJ_80.895.817/0001-61,Software,2568378.28,2023-03-24
UASG_150082,CNPJ_86.820.171/0001-30,Hardware,2707187.42,2023-07-21
UASG_150082,CNPJ_98.765.432/0001-10,Oligopólio,53707620.68,2022-08-31
UASG_150083,CNPJ_12.345.678/0001-90,Oligopólio,48262890.18,2022-07-12
UASG_150083,CNPJ_28.823.324/0001-29,Hardware,1670801.39,2023-04-02
UASG_150083,CNPJ_45.678.901/0001-22,Oligopólio,29932399.5,2022-06-08
UASG_150083,CNPJ_81.510.748/0001-71,Hardware,1489094.01,2021-11-01
UASG_150083,CNPJ_98.765.432/0001-10,Oligopólio,115197109.0,2023-12-27
UASG_150084,CNPJ_12.345.678/0001-90,Oligopólio,69423887.9,2024-03-27
UASG_150084,CNPJ_24.153.543/0001-17,Suporte,1645057.35,2025-04-16
UASG_150084,CNPJ_41.574.951/0001-33,Suporte,2522375.23,2024-05-06
UASG_150084,CNPJ_45.678.901/0001-22,Oligopólio,63110847.03,2022-12-19
UASG_150084,CNPJ_50.712.617/0001-61,Suporte,2729392.21,2024-01-13
UASG_150084,CNPJ_98.765.432/0001-10,Oligopólio,33214558.88,2021-01-17
UASG_150085,CNPJ_10.232.375/0001-17,Suporte,3293049.1,2025-01-26
UASG_150085,CNPJ_12.345.678/0001-90,Oligopólio,94034232.59,2021-12-29
UASG_150085,CNPJ_24.153.543/0001-17,Suporte,2262143.26,2024-04-05
UASG_150085,CNPJ_45.678.901/0001-22,Oligopólio,25492905.36,2023-01-05
UASG_150085,CNPJ_72.511.671/0001-88,Nuvem,2106244.48,2022-11-10
UASG_150085,CNPJ_82.395.116/0001-10,Software,2561893.88,2022-10-21
UASG_150085,CNPJ_88.452.431/0001-58,Nuvem,3009124.44,2022-01-14
UASG_150085,CNPJ_98.765.432/0001-10,Oligopólio,67944250.18,2021-08-10
UASG_150086,CNPJ_12.345.678/0001-90,Oligopólio,70312805.99,2023-06-12
UASG_150086,CNPJ_13.115.891/0001-89,Suporte,2452274.27,2021-11-16
UASG_150086,CNPJ_15.830.267/0001-21,Suporte,2382355.78,2025-03-05
UASG_150086,CNPJ_47.652.417/0001-69,Software,3018677.98,2021-06-06
UASG_150086,CNPJ_53.636.244/0001-22,Software,2959791.75,2022-12-19
UASG_150086,CNPJ_67.497.322/0001-14,Suporte,1995168.64,2021-09-24
UASG_150086,CNPJ_98.765.432/0001-10,Oligopólio,37476864.46,2021-03-17
UASG_150087,CNPJ_12.345.678/0001-90,Oligopólio,14567189.84,2023-05-03
UASG_150087,CNPJ_16.294.500/0001-42,Software,2275762.03,2024-01-12
UASG_150087,CNPJ_25.753.982/0001-96,Hardware,3197356.69,2021-01-07
UASG_150087,CNPJ_30.937.612/0001-14,Software,2980090.67,2025-02-15
UASG_150087,CNPJ_42.790.526/0001-21,Software,2639354.83,2025-01-03
UASG_150087,CNPJ_45.678.901/0001-22,Oligopólio,97529742.17,2025-01-10
UASG_150087,CNPJ_55.626.252/0001-87,Software,3021324.33,2025-07-27
UASG_150087,CNPJ_67.345.736/0001-21,Software,3260869.54,2024-02-16
UASG_150087,CNPJ_83.971.649/0001-15,Software,2875239.62,2024-02-01
UASG_150087,CNPJ_91.260.115/0001-51,Nuvem,1666979.75,2023-05-15
UASG_150087,CNPJ_98.765.432/0001-10,Oligopólio,82860048.13,2025-04-20
UASG_150088,CNPJ_12.345.678/0001-90,Oligopólio,26593449.8,2021-09-14
UASG_150088,CNPJ_12.904.270/0001-49,Software,2461606.7,2022-08-24
UASG_150088,CNPJ_31.765.255/0001-94,Software,1694343.66,2021-07-31
UASG_150088,CNPJ_45.678.901/0001-22,Oligopólio,95247724.22,2021-02-20
UASG_150088,CNPJ_66.216.765/0001-50,Hardware,3227303.75,2022-09-25
UASG_150088,CNPJ_72.511.671/0001-88,Nuvem,1677023.74,2023-07-13
UASG_150088,CNPJ_76.332.208/0001-27,Hardware,3269990.62,2023-11-04
UASG_150088,CNPJ_95.274.901/0001-74,Suporte,2988294.95,2025-08-01
UASG_150088,CNPJ_98.183.229/0001-79,Suporte,2178270.36,2024-09-20
UASG_150088,CNPJ_98.765.432/0001-10,Oligopólio,44836953.42,2023-07-16
UASG_150089,CNPJ_17.154.970/0001-12,Software,1451260.28,2021-09-27
UASG_150089,CNPJ_45.212.286/0001-48,Suporte,1676704.86,2024-10-23
UASG_150089,CNPJ_45.678.901/0001-22,Oligopólio,32758196.830000002,2025-04-05
UASG_150089,CNPJ_62.769.650/0001-40,Hardware,2999790.19,2025-10-12
UASG_150089,CNPJ_71.691.315/0001-92,Suporte,2234315.58,2024-01-21
UASG_150089,CNPJ_98.765.432/0001-10,Oligopólio,26573557.86,2023-03-26
UASG_150090,CNPJ_12.345.678/0001-90,Oligopólio,41047988.69,2023-02-27
UASG_150090,CNPJ_12.448.792/0001-33,Nuvem,2825075.43,2024-03-22
UASG_150090,CNPJ_30.402.968/0001-68,Nuvem,2654191.34,2023-07-27
UASG_150090,CNPJ_45.678.901/0001-22,Oligopólio,90793932.81,2022-05-24
UASG_150090,CNPJ_51.645.513/0001-22,Software,2438842.54,2024-04-10
UASG_150090,CNPJ_72.511.671/0001-88,Nuvem,1549621.13,2024-07-08
UASG_150090,CNPJ_98.765.432/0001-10,Oligopólio,59534588.19,2025-05-31
UASG_150091,CNPJ_12.345.678/0001-90,Oligopólio,44619999.61,2021-04-26
UASG_150091,CNPJ_28.647.384/0001-69,Suporte,3137939.38,2024-01-19
UASG_150091,CNPJ_45.678.901/0001-22,Oligopólio,43789217.46,2024-01-02
UASG_150091,CNPJ_58.247.729/0001-95,Hardware,3358478.01,2021-03-01
UASG_150091,CNPJ_58.426.868/0001-22,Software,2536631.61,2024-11-24
UASG_150091,CNPJ_61.818.402/0001-65,Software,2147909.61,2021-03-24
UASG_150091,CNPJ_91.822.761/0001-46,Nuvem,2558251.5,2021-12-17
UASG_150091,CNPJ_98.765.432/0001-10,Oligopólio,39197427.38,2021-11-21
UASG_150092,CNPJ_12.345.678/0001-90,Oligopólio,68263447.05,2024-08-30
UASG_150092,CNPJ_17.154.970/0001-12,Software,3295914.66,2022-02-13
UASG_150092,CNPJ_40.139.328/0001-45,Nuvem,2578985.41,2025-07-14
UASG_150092,CNPJ_44.612.395/0001-73,Software,2916908.44,2023-07-10
UASG_150092,CNPJ_45.678.901/0001-22,Oligopólio,68009492.59,2025-09-23
UASG_150092,CNPJ_48.913.128/0001-71,Hardware,1659148.74,2022-05-15
UASG_150092,CNPJ_53.636.244/0001-22,Software,2673725.18,2022-02-05
UASG_150092,CNPJ_67.345.736/0001-21,Software,1686872.79,2025-02-06
UASG_150092,CNPJ_80.663.871/0001-68,Software,2956828.5,2025-03-02
UASG_150092,CNPJ_82.679.456/0001-20,Nuvem,2736443.21,2025-07-29
UASG_150092,CNPJ_83.142.655/0001-38,Hardware,3089242.65,2021-03-12
UASG_150092,CNPJ_83.557.182/0001-26,Hardware,3001741.24,2021-08-02
UASG_150092,CNPJ_98.765.432/0001-10,Oligopólio,44661879.54,2024-01-28
UASG_150093,CNPJ_12.345.678/0001-90,Oligopólio,66415066.870000005,2024-10-14
UASG_150093,CNPJ_43.177.829/0001-54,Software,3135885.31,2023-08-05
UASG_150093,CNPJ_45.678.901/0001-22,Oligopólio,43842348.51,2021-12-12
UASG_150093,CNPJ_90.625.620/0001-49,Suporte,2278575.01,2023-06-13
UASG_150093,CNPJ_91.822.761/0001-46,Nuvem,2734847.33,2022-08-29
UASG_150093,CNPJ_98.765.432/0001-10,Oligopólio,80023827.61,2025-05-25
UASG_150094,CNPJ_12.345.678/0001-90,Oligopólio,24625078.82,2021-09-14
UASG_150094,CNPJ_17.440.228/0001-17,Hardware,3040880.55,2025-01-01
UASG_150094,CNPJ_45.678.901/0001-22,Oligopólio,96290091.81,2024-03-25
UASG_150094,CNPJ_46.104.950/0001-87,Software,5552685.99,2024-05-15
UASG_150094,CNPJ_58.596.731/0001-53,Software,2836708.59,2024-01-13
UASG_150094,CNPJ_98.765.432/0001-10,Oligopólio,24465134.67,2024-07-18
UASG_150095,CNPJ_12.345.678/0001-90,Oligopólio,79314939.76,2024-03-09
UASG_150095,CNPJ_15.830.267/0001-21,Suporte,2107236.09,2024-06-24
UASG_150095,CNPJ_45.678.901/0001-22,Oligopólio,67591759.66,2022-11-19
UASG_150095,CNPJ_60.272.399/0001-14,Hardware,1464206.44,2025-04-10
UASG_150095,CNPJ_72.963.842/0001-61,Software,3161753.38,2022-04-12
UASG_150095,CNPJ_79.566.513/0001-80,Software,3036226.0,2024-07-03
UASG_150095,CNPJ_93.417.210/0001-16,Suporte,3246284.74,2023-06-04
UASG_150095,CNPJ_97.795.114/0001-38,Software,1764598.61,2024-03-28
UASG_150095,CNPJ_98.765.432/0001-10,Oligopólio,30085859.3,2022-08-03
UASG_150096,CNPJ_12.345.678/0001-90,Oligopólio,102313699.72,2023-04-26
UASG_150096,CNPJ_14.202.295/0001-15,Hardware,3050874.87,2022-05-03
UASG_150096,CNPJ_45.678.901/0001-22,Oligopólio,41038512.129999995,2023-05-10
UASG_150096,CNPJ_98.765.432/0001-10,Oligopólio,47854775.83,2023-02-20
UASG_150097,CNPJ_12.345.678/0001-90,Oligopólio,26281476.29,2021-08-04
UASG_150097,CNPJ_19.283.500/0001-83,Suporte,2502665.81,2023-03-24
UASG_150097,CNPJ_32.749.271/0001-11,Software,2423794.22,2024-01-11
UASG_150097,CNPJ_45.678.901/0001-22,Oligopólio,34195699.67,2025-02-12
UASG_150097,CNPJ_62.769.650/0001-40,Hardware,2326036.73,2022-12-16
UASG_150097,CNPJ_70.990.589/0001-44,Suporte,2516046.01,2025-06-15
UASG_150097,CNPJ_96.397.625/0001-87,Software,2193152.72,2022-07-06
UASG_150097,CNPJ_98.765.432/0001-10,Oligopólio,47781403.31,2023-06-12
UASG_150098,CNPJ_12.345.678/0001-90,Oligopólio,28274109.04,2022-07-04
UASG_150098,CNPJ_43.479.186/0001-64,Hardware,2493289.76,2025-07-20
UASG_150098,CNPJ_45.678.901/0001-22,Oligopólio,66805589.23,2023-09-19
UASG_150098,CNPJ_47.379.936/0001-79,Software,2438621.6,2023-01-27
UASG_150098,CNPJ_64.106.429/0001-16,Suporte,2320255.54,2021-09-03
UASG_150098,CNPJ_98.765.432/0001-10,Oligopólio,45821257.91,2024-12-26
UASG_150099,CNPJ_12.345.678/0001-90,Oligopólio,18871889.62,2024-11-13
UASG_150099,CNPJ_43.479.186/0001-64,Hardware,2815884.09,2023-03-14
UASG_150099,CNPJ_45.678.901/0001-22,Oligopólio,89084106.25999999,2022-04-02
UASG_150099,CNPJ_50.133.116/0001-46,Suporte,2730354.25,2025-01-30
UASG_150099,CNPJ_78.198.495/0001-34,Software,3344317.04,2025-08-30
UASG_150099,CNPJ_83.513.213/0001-91,Suporte,2311660.63,2021-12-11
UASG_150099,CNPJ_98.765.432/0001-10,Oligopólio,69304799.33,2021-06-29
UASG_150100,CNPJ_12.345.678/0001-90,Oligopólio,41341968.01,2025-08-03
UASG_150100,CNPJ_25.708.300/0001-68,Hardware,1986575.5,2025-06-25
UASG_150100,CNPJ_45.678.901/0001-22,Oligopólio,54043347.099999994,2024-10-28
UASG_150100,CNPJ_64.722.763/0001-31,Suporte,2870064.15,2024-02-27
UASG_150100,CNPJ_98.765.432/0001-10,Oligopólio,33855144.89,2025-09-13
