pais,ano,pib_per_capita_usd,crescimento_pib_pct,abertura_comercial_pct_pib,usuarios_internet_pct,celulares_por_100,gasto_publico_educacao_pct_pib,gasto_pesquisa_desenvolvimento_pct_pib,acesso_eletricidade_pct
ARE,2015,44910.334995523,7.08767348587587,164.286182737903,90.5,206.839413263939,,0.86569,100.0
ARE,2016,42721.0999383185,5.65793329224303,165.39501917458,90.6000073180483,220.411614691071,,0.9318,100.0
ARE,2017,43733.6192287435,-1.06137661464977,165.476542469815,94.8199225383446,214.701342068567,,,100.0
ARE,2018,47135.3591943971,1.53716683173516,154.747005019293,98.4500017817194,214.842134318761,,1.26389,100.0
ARE,2019,45938.6073581994,1.27134240761141,163.822152944853,99.1499979561243,209.033214126867,3.86019992828369,1.31065,100.0
ARE,2020,37991.7492971665,-8.69342617885171,181.29188817064,100.0,194.467749671801,3.98417997360229,1.48831,100.0
ARE,2021,44118.5047192771,4.55278571242283,182.909355066597,100.0,186.30089463245,3.89404010772705,1.49469,100.0
ARE,2022,50759.7589231191,7.51448425801082,185.741660982819,100.0,195.624592490241,,,100.0
ARE,2023,49850.6872175164,4.30118228020602,199.044979237546,100.0,199.423843889179,,,100.0
ARE,2024,50273.5060469837,3.99180705485398,,100.0,203.206410299544,,,
ARG,2015,13679.6264980954,2.73115982828944,22.4862260889792,68.0430641088122,142.240711022183,5.77611017227173,0.62262,99.7
ARG,2016,12699.9623137756,-2.08032784377811,26.0938878488799,70.9689808206024,145.146584717972,5.54548978805542,0.55815,99.9
ARG,2017,14532.5009308511,2.81850297775918,25.2896011376779,74.2949068657957,139.758240519621,5.45432996749878,0.55632,100.0
ARG,2018,11752.7998922979,-2.61739646282038,30.7625359549926,77.7,131.224265691711,4.87773990631104,0.4883,100.0
ARG,2019,9955.97478680428,-2.00086100285785,32.6306150458499,79.9469520347551,125.302657911726,4.77165985107422,0.47813,100.0
ARG,2020,8535.59938004389,-9.9004848136464,30.203698807416,85.51438646,121.180612527028,5.27689981460571,0.54126,100.0
ARG,2021,10738.0179223384,10.4418119882506,33.078689567466,87.15070683,130.352799939601,4.65393018722534,0.5236,100.0
ARG,2022,13962.1894087223,6.02074537534855,31.5801792606256,88.37535691,131.483556254876,4.79263019561768,0.54951,100.0
ARG,2023,14261.8465667948,-1.85578803046339,26.6769512482215,89.22897166,137.706086781571,5.00324010848999,0.60111,100.0
ARG,2024,13969.7836603737,-1.34293072157739,27.929760849367,89.66715228,140.234979049333,,,
AUS,2015,56970.3613028094,2.16434780647852,41.4947506939901,84.5605149091408,107.608142007003,,1.91969,100.0
AUS,2016,50084.4440606385,2.75564065529868,40.813402217321,86.54000092,109.128813718295,,,100.0
AUS,2017,54117.547718609,2.29331030192918,42.0354135251854,86.5450488476768,107.799761578952,,1.88102,100.0
AUS,2018,57410.1737346009,2.87417039499501,43.5732253645218,90.0082016,110.033134941946,,,100.0
AUS,2019,55194.7585097428,2.19401703622717,46.0016827052171,93.60990143,109.752830879788,,1.82826,100.0
AUS,2020,51983.4523666382,-0.133531904304775,44.499564103879,94.6934967,104.930155780087,5.38625001907349,,100.0
AUS,2021,60758.9044397144,2.00694844335034,40.2022359390595,96.97219849,105.118514623956,5.34109020233154,1.85783,100.0
AUS,2022,65169.5191118657,4.25304559238732,45.6946418805752,96.11940002,109.469171081514,5.05915021896362,,100.0
AUS,2023,65058.3773146674,3.58382100798981,49.044339318428,96.1160965,112.513177133796,,,100.0
AUS,2024,64603.9856308464,1.37340773365975,47.1453811065195,96.13140106,112.581025002429,,,
AUT,2015,43915.228020857,1.30352331826198,103.11758174626,83.9401419315026,155.837138171172,5.49143981933594,3.06917,100.0
AUT,2016,45061.4993920192,2.11721964494312,101.573494597172,84.3237425711653,126.797525496643,5.50954008102417,3.13356,100.0
AUT,2017,47163.7425775142,2.27224992038207,105.556066755438,87.9355865856062,123.414865109678,5.40181016921997,3.07376,100.0
AUT,2018,51194.0749841299,2.48422114080024,108.377969971828,87.4791372262556,124.230205900482,5.25437021255493,3.10828,100.0
AUT,2019,49885.9947355204,1.75497619649288,108.207284904426,87.7522047870069,120.776373862218,5.23678016662598,3.14405,100.0
AUT,2020,48716.4098900349,-6.31825509209936,99.9482141095975,87.52942813,120.131806593244,5.57961988449097,3.20758,100.0
AUT,2021,53648.6437976214,4.92309171717903,111.032932124165,92.52915104,121.357731973824,5.48071002960205,3.25565,100.0
AUT,2022,52336.7725223758,5.33096379400371,123.579578652902,93.61409139,121.16645744796,5.27749013900757,3.17775,100.0
AUT,2023,56579.504175468,-0.786244288594673,115.152914822732,95.33467117,121.746207105931,,3.25517,100.0
AUT,2024,58268.8787651601,-0.659089573171372,108.825777834405,94.91974877,124.45929984531,,,
BEL,2015,40893.804537772,1.47416433731927,155.068682045926,85.0529417508701,113.29233233425,6.46963977813721,2.43496,100.0
BEL,2016,41854.5498296444,1.19350273007754,159.057696611945,86.5164766644457,110.74871736226,6.48613023757935,2.53291,100.0
BEL,2017,44035.3239358548,1.47446761556785,166.904078237791,87.6796808175598,99.8303971992992,6.44915008544922,2.67654,100.0
BEL,2018,47487.2100392561,1.87796847383565,168.277692877218,88.6473429951691,100.164027018171,6.38883018493652,2.86365,100.0
BEL,2019,46716.6227467964,2.4428900448156,165.46547893199,90.275428012141,100.164960666171,6.32381010055542,3.15154,100.0
BEL,2020,45906.2875805246,-4.7929839083518,156.950121282783,91.52641629,99.9100614924974,6.75470018386841,3.36823,100.0
BEL,2021,51658.238294958,6.25445686466593,177.381892440073,92.78867618,101.462935633736,6.38081979751587,3.40589,100.0
BEL,2022,50605.7496677086,3.9562379757933,191.179031303786,94.00783071,101.680355820653,6.27611017227173,3.19592,100.0
BEL,2023,55291.4754541329,1.71412195515242,165.846946501713,94.62625074,103.196426365374,,3.27235,100.0
BEL,2024,56614.5679499036,1.07045413019414,158.931826338067,95.77579144,103.90465332676,,,
BGR,2015,7268.65445473873,3.39755336780412,126.73664221295,56.6562516053086,128.103256321093,3.88469004631042,0.94947,96.6
BGR,2016,7822.49923292968,3.02662841229517,122.805514356513,59.825547661014,125.906027330453,3.81435990333557,0.77009,97.3
BGR,2017,8696.68930427924,2.74592676054861,129.634429048004,63.4101013837926,120.595632675282,4.07754993438721,0.74037,98.1
BGR,2018,9849.38397225174,2.33015213407045,129.166502930632,64.78201069118,119.394511829255,4.05201005935669,0.75505,98.7
BGR,2019,10353.7204584127,3.79331765354152,125.260418346411,67.9469809417603,116.616975862125,4.21430015563965,0.83576,99.2
BGR,2020,10760.211975413,-3.13323303076419,110.423899846249,70.16248359,114.596737765322,4.48298978805542,0.84549,99.7
BGR,2021,12966.1457543396,7.82817232822165,121.214088263823,75.27144583,114.911988483727,4.7092399597168,0.76933,99.8
BGR,2022,13999.1949530956,4.0838640915123,138.844877241238,79.12686326,116.679163253179,4.50109004974365,0.75174,100.0
BGR,2023,15853.208636704,1.68151074972904,119.899505956556,80.38956462,117.932685806225,,0.79224,100.0
BGR,2024,17596.0173663521,3.38709063847314,110.22631455921,82.438955,118.067152838789,,,
BOL,2015,2996.01289811344,4.8571871797142,67.9328451905248,37.4868176324391,92.2660116634989,8.1434497833252,,91.5
BOL,2016,3035.87347732132,4.26392086382097,56.4010345026573,39.69749832,90.3953302409119,8.15062046051025,,91.8
BOL,2017,4048.40119739839,4.19520633360403,45.5761123650708,43.83229828,96.6383703523099,8.09722995758057,0.07627,91.8
BOL,2018,4206.8552936661,2.86808404814794,46.9261953417368,44.2861422024283,99.4565867202022,8.01585960388184,,92.8
BOL,2019,4203.15492855788,1.50672102666863,45.8209732749024,47.4748191121692,100.14945954148,8.09103012084961,0.06643,95.1
BOL,2020,3580.96761778303,-12.7194690092717,37.5164342446486,59.94010155,99.898817726261,8.43710994720459,,97.2
BOL,2021,4010.76053686204,10.0290488827886,47.6670843158984,65.9773785,100.809064985893,7.96216011047363,0.06308,98.6
BOL,2022,4219.46113742445,3.74741781241461,57.5249335789631,72.62270355,101.57150434614,7.57551002502441,,99.9
BOL,2023,4274.70820547613,2.51636590154891,49.6083255594597,77.30039978,,7.89381980895996,,99.8
BOL,2024,4421.16609889999,-1.12335595517212,46.9778716148403,79.70469666,98.0287940811943,7.53980016708374,,
BRA,2015,8936.1955889444,-3.54576339347278,26.9536259372369,58.3279517340924,127.83616904008,6.24105978012085,1.28464,99.7
BRA,2016,8836.28546025694,-3.2759169063211,24.5336820770756,60.8725400681261,120.101181531485,6.31403017044067,1.19584,99.7
BRA,2017,10080.5078722821,1.32286905390815,24.3197343741684,67.4712845236305,108.092570205646,6.32047986984253,1.1175,99.8
BRA,2018,9300.66072904004,1.78366676137003,28.876203376153,70.4342825404361,101.602460284017,6.08851003646851,1.15016,99.7
BRA,2019,9029.83304401079,1.22077782271943,28.8902578697354,73.9124399133589,97.3747376780285,5.96346998214722,1.15115,99.8
BRA,2020,7074.19407495707,-3.27675879612903,32.3020785443492,81.34269353,98.6456198619193,5.7714900970459,1.21907,99.7
BRA,2021,7972.53696080695,4.7626043797061,37.6563307592575,80.68989314,104.824727184587,5.4969801902771,1.13371,99.5
BRA,2022,9281.33282136864,3.01669435408112,38.8160659764321,80.52775094,101.245468903076,5.61920976638794,1.18873,100.0
BRA,2023,10377.5897719195,3.24165532813583,33.6662298301284,84.15060238,101.020256020808,,1.1938,99.8
BRA,2024,10310.5488778166,3.41931516597739,35.5845239385389,84.46347227,101.926846460424,,,
CAN,2015,43594.1941045394,0.649971001734855,66.1649020669781,90.0,82.767383138656,4.73936986923218,1.6936,100.0
CAN,2016,42314.0615817218,1.03855092490855,65.3636845215556,91.16000366,84.5919452304565,4.81642007827759,1.72903,100.0
CAN,2017,45129.628116623,3.03383491200222,65.1010608504649,92.70140076,86.1024018448784,4.95998001098633,1.68702,100.0
CAN,2018,46539.1761570405,2.74296344906655,66.5998858508762,94.64,89.0494584998715,4.88898992538452,1.7372,100.0
CAN,2019,46352.8693445211,1.90843194590616,66.1714852804959,91.91290283,90.9589210049458,4.77293014526367,1.75578,100.0
CAN,2020,43537.839298904,-5.03823343468899,61.1567709632763,92.3,84.7747749116615,4.88794994354248,1.93413,100.0
CAN,2021,52886.6616372703,5.95052802804381,62.2468367159421,93.93710327,87.4056019628826,4.74858999252319,1.87064,100.0
CAN,2022,56256.8007264015,4.18903628100851,67.3176215563989,94.0,91.2386689983444,4.84426021575928,1.81291,100.0
CAN,2023,54220.3285039875,1.52874550838358,66.6323313370668,94.14530182,94.1497268194785,,1.81048,100.0
CAN,2024,54340.3477224733,1.55479521049516,65.1499212653783,94.353302,94.1059718794246,,1.7908,
CHE,2015,83806.4476003837,1.64462750849488,117.138482218872,87.4790555978675,135.723075533919,4.99560022354126,3.04577,100.0
CHE,2016,82153.0745447889,2.06868969039562,123.565924513577,89.1346877351392,134.235676338144,4.98164987564087,,100.0
CHE,2017,82254.3769269767,1.36279965488859,123.621807602301,89.6861476710225,131.169694242519,5.01765012741089,3.04671,100.0
CHE,2018,85217.3691512274,2.86044579439036,124.428504325808,91.80000305,126.681143927488,4.9300799369812,,100.0
CHE,2019,84121.9310304414,1.14198218965691,124.127612180467,93.1460869535177,126.920635838501,5.01438999176025,3.14983,100.0
CHE,2020,85897.7843338323,-2.14173712008038,121.785977998371,94.34999847,127.376373489656,5.27676010131836,,100.0
CHE,2021,93664.7736696111,5.55962020605844,130.016261288489,95.56937154,123.21236546636,5.02535009384155,3.24862,100.0
CHE,2022,94394.5106803525,3.04406102969423,138.500698753519,96.45279694,123.971228075124,4.86427021026611,,100.0
CHE,2023,100623.549627296,0.683328174376044,135.32000224909,97.34436623,130.221876609608,,3.22178,100.0
CHE,2024,103998.186685604,1.30233332541106,134.09514852061,97.3443985,129.471369643132,,,
CHL,2015,13433.9202987032,2.15194249981184,59.3491104775309,76.6295919508796,128.583971575207,4.90390014648438,0.38296,99.7
CHL,2016,13649.8520452803,1.753038749071,56.0578610877723,83.5585860244169,127.565123343064,5.36645984649658,0.37103,100.0
CHL,2017,14879.9086227187,1.35769537343957,56.0261589675707,82.3274869338464,124.000811902967,5.43278980255127,0.35679,99.7
CHL,2018,15659.4808675628,3.99002947789977,58.177050633437,84.90000153,133.270134198082,5.473060131073,0.36916,100.0
CHL,2019,14495.716721687,0.634367533828438,57.6117545680829,85.01760101,130.492770400522,5.62629985809326,0.34243,100.0
CHL,2020,13114.815470545,-6.14347479224092,58.1828635629748,87.45929718,129.413740104604,5.62992000579834,0.33525,100.0
CHL,2021,16206.8325493421,11.3149204879049,64.8774063237834,90.23280334,136.571581265001,5.00225019454956,0.36063,100.0
CHL,2022,15405.6165774073,2.15399356192458,75.2016177425303,92.31819916,135.114280974065,4.91201019287109,0.39205,100.0
CHL,2023,17067.0364799154,0.521367977246825,60.7247236874408,94.45742345,135.871118507277,,,100.0
CHL,2024,16709.8893972307,2.64431154871538,63.859857248066,95.590243,132.660408764665,,,
CHN,2015,8175.33285077393,6.97878002657477,38.6971848362625,50.29999924,92.5401171363348,,2.01703,100.0
CHN,2016,8254.86859320357,6.77555562837017,36.177170692978,53.2,97.2138770934621,,2.0595,100.0
CHN,2017,8979.67652709856,6.8912663621211,36.95085261586,54.3,104.073181609424,,2.07771,100.0
CHN,2018,10085.6638148819,6.75671800166833,36.8943843914718,65.35839844,116.229125477063,,2.10232,100.0
CHN,2019,10342.9009524335,6.06850235053705,35.1994202738836,64.080881297515,122.670391850252,,2.20144,100.0
CHN,2020,10627.4637989619,2.34018843078414,34.0389507864581,70.05275998,120.496715387079,,2.35712,100.0
CHN,2021,12887.4357242941,8.57008513166322,36.5206911762676,73.05323517,121.491918368395,,2.38165,100.0
CHN,2022,12970.6056414327,3.1341888719577,37.440719876366,75.61131603,124.195248970763,,2.4945,100.0
CHN,2023,12951.1782397043,5.41484330099675,36.1051923691138,90.6,128.247014127486,3.89714002609253,2.57729,100.0
CHN,2024,13303.1481543868,4.9773565917572,37.1984201388065,92.0,131.753932036803,,,
COL,2015,6248.51490534512,2.95590137527523,38.3607641184453,55.9049725142924,122.051401385652,4.47038984298706,0.36542,98.2
COL,2016,5959.84250367574,2.08738250162794,36.202652984202,58.1364935728703,123.709953422515,4.47721004486084,0.27051,98.4
COL,2017,6479.53231292429,1.35936086788746,35.2829149424588,62.2598803162841,129.272014227481,4.53551006317139,0.26109,98.5
COL,2018,6816.96818309544,2.56432428277704,36.5347527968973,64.1263768204459,131.595473810882,4.44910001754761,0.31233,98.5
COL,2019,6472.54544924705,3.18685539245533,37.558533980839,65.0069007159493,132.810761644655,4.51068019866943,0.32201,99.4
COL,2020,5339.68711357943,-7.18591413760859,34.0555709680101,69.79533474,133.661019178018,5.26166009902954,0.2894,99.7
COL,2021,6222.62164397614,10.8011981904878,40.0591463936128,73.02837449,146.627837254516,,,100.0
COL,2022,6680.44506854481,7.32827729427979,48.2826551123359,72.79637855,156.195161137443,,,100.0
COL,2023,7000.83660501046,0.712380031974334,40.3881324933957,77.33686322,166.980107777443,,,98.7
COL,2024,7919.20886825345,1.5983315366523,37.0254687077888,79.34543299,174.094289675393,,,
CRI,2015,11714.7105980732,3.65208096802883,60.753561939521,59.7629501371681,156.403893036958,6.87349987030029,0.43665,99.4
CRI,2016,12091.0301606154,4.20432325175899,62.1784781768295,65.8804491942718,171.166374015358,6.89395999908447,0.44335,99.5
CRI,2017,12317.0902771304,4.1576989627609,65.0719537438815,71.5816646195022,179.931274611112,7.06981992721558,0.42587,99.6
CRI,2018,12590.2493781614,2.6159044043379,66.945342016636,73.4797284369906,171.357339055205,6.76992988586426,0.37144,99.7
CRI,2019,12884.6859951989,2.41751181762513,65.7605300176622,81.2025964435269,144.514079558713,6.73809003829956,,99.7
CRI,2020,12394.0493969492,-4.27335432161462,60.1398862509533,80.53018608,142.481526800044,6.62899017333984,0.33002,99.9
CRI,2021,12838.1185358931,7.93576224743147,70.7816423027085,82.74901607,140.788061157457,6.24842977523804,0.27385,100.0
CRI,2022,13625.9008491328,4.55149177958398,82.2275325353143,82.59801121,136.518375013406,5.5472297668457,0.33789,100.0
CRI,2023,16942.0268119375,5.11192183224598,72.4719990801769,85.39514799,133.527658761832,5.31208992004395,0.33738,100.0
CRI,2024,18587.1532203482,4.32122429646145,71.3310137687617,87.17019653,136.024511151268,,,
CYP,2015,23088.44140625,3.41892038889013,137.276426477193,71.7157409175171,128.631974994212,6.30491018295288,0.47529,100.0
CYP,2016,24280.056640625,6.57359080924678,139.022098457248,75.9002054030125,130.334521209334,6.11811017990112,0.5197,100.0
CYP,2017,26247.44921875,5.75083236554525,148.013355558135,80.743188971932,133.940473480537,5.69961977005005,0.54259,100.0
CYP,2018,29120.375,6.27166360056404,147.623567410054,84.4335825186889,134.843630644799,,0.61032,100.0
CYP,2019,29227.173828125,5.87559583386607,150.506169561162,86.0636299618935,137.76052748227,5.16293001174927,0.70269,100.0
CYP,2020,28130.341796875,-3.22063018637567,160.66871645997,90.80194644,135.588846364133,5.56462001800537,0.82581,100.0
CYP,2021,32937.83984375,11.3975590801512,176.82773681987,90.75951564,142.051408905141,5.08247995376587,0.77686,100.0
CYP,2022,33231.04296875,8.27372597293814,205.753543745524,89.60099194,146.71583605521,4.74210977554321,0.70468,100.0
CYP,2023,36623.69140625,3.61945644636856,190.740788408329,91.22110357,148.333712748344,,0.68145,100.0
CYP,2024,38674.29296875,3.94077381708404,190.40287092076,89.60099246,156.218025662252,,,
CZE,2015,17931.5987670768,4.95875848915604,154.018400997633,75.668838699279,118.339820565816,5.71913003921509,1.906,100.0
CZE,2016,18753.9686718096,2.58087013921376,148.547004664435,76.4811986951838,118.544499080322,5.50080013275146,1.65411,100.0
CZE,2017,20913.197632212,5.17356529967881,147.750834854762,78.7191728513432,119.874291148129,3.75574994087219,1.74513,100.0
CZE,2018,23705.9329811299,2.83030588267866,145.141717890789,80.6881675434288,120.431679514249,4.21541023254395,1.87652,100.0
CZE,2019,24062.7190013343,3.56577658128261,138.154609993871,80.8669444139622,124.126150238634,4.46737003326416,1.89547,100.0
CZE,2020,23472.8915454417,-5.30487955463876,128.780430305965,81.33889705,123.219460160155,4.62503004074097,1.94537,100.0
CZE,2021,27696.4619527544,4.02901832055149,137.378116302868,82.67062427,126.173145654465,4.65163993835449,1.93302,100.0
CZE,2022,28282.2236715857,2.8471706583814,144.011494109397,84.54009378,128.105295003482,4.30291986465454,1.89089,100.0
CZE,2023,31761.5944102491,0.0475803308973752,131.892598295876,85.99404818,126.004753501387,,1.83369,100.0
CZE,2024,31823.3078290564,1.23308611983484,131.484981069952,87.68776014,126.600163061009,,,
DEU,2015,41929.7549110722,1.66300602334775,77.7565815686922,87.5897993525767,117.401165117624,4.76157999038696,2.87725,100.0
DEU,2016,42948.9381932694,2.22222216259371,76.0059902166055,84.1652066441212,125.024012174369,4.76321983337402,2.88393,100.0
DEU,2017,45553.9341495339,2.797906720551,77.4548394742448,84.3941537010844,132.003261888443,4.77830982208252,2.9886,100.0
DEU,2018,48916.1686612154,1.13569604599849,79.1252260463654,87.037112092841,128.945577229674,4.88401985168457,3.05057,100.0
DEU,2019,47656.199739747,0.977734697038784,79.0732427175683,88.1345169091916,128.292298108313,5.02757978439331,3.11256,100.0
DEU,2020,47394.8734504469,-4.13191443239947,72.9335327120137,89.81294133,128.424798814302,5.51600980758667,3.0897,100.0
DEU,2021,52349.2459994422,3.90999994204108,79.9195348609851,91.43060973,127.125099449404,5.36734008789062,3.0786,100.0
DEU,2022,50506.5179638543,1.8092581243061,88.7857542130501,91.62984383,124.158264349285,5.23916006088257,3.07096,100.0
DEU,2023,54776.7668235491,-0.869647578573321,81.9625483787634,92.4763763,124.662572774586,,3.1539,100.0
DEU,2024,56103.7323182554,-0.495851897260366,79.0907305894936,93.49999579,129.150921864378,,,
DNK,2015,53094.0133607574,2.10441456445301,105.130362453899,96.3305016195436,124.553508356615,,3.06422,100.0
DNK,2016,54500.9260410217,3.07304549209093,101.452783808643,96.9677852516645,121.941164424922,7.71534013748169,3.10209,100.0
DNK,2017,57521.5514992225,3.05647723922718,104.215676920442,97.0993621555621,123.86211468599,7.3700098991394,2.93576,100.0
DNK,2018,61324.7665045565,1.8600074900921,108.813985501909,97.3192043651002,124.550124408336,7.32747983932495,2.97895,100.0
DNK,2019,59404.2663247723,1.71140093932736,111.891475065653,98.0464347521549,124.573359763273,7.27585983276367,2.90605,100.0
DNK,2020,60985.4885601514,-1.78010601831291,104.433432671151,96.54914573,124.370019531752,7.38574981689453,2.96533,100.0
DNK,2021,69340.7334922138,6.50025445756295,112.321472697291,98.8658506,125.604137839658,6.95915985107422,2.74323,100.0
DNK,2022,67781.0940939514,0.443832614908331,131.995824909071,97.86011812,126.48354098254,6.35586023330688,2.86709,100.0
DNK,2023,68043.5466971243,0.604587766175584,129.625337431278,98.77559197,126.717092547985,,3.04841,100.0
DNK,2024,71026.4832271897,3.47783593140312,131.765030975207,99.76915157,126.686532566268,,,
ECU,2015,5976.1596805651,0.119692109287612,47.8280397077826,48.9404337892669,79.5746462378333,5.10570001602173,,98.8
ECU,2016,5917.63771271481,-0.687954245877947,40.5344917996647,54.0629247288864,84.1088342242983,4.46397668804552,,98.7
ECU,2017,6233.32244797718,5.97039880954841,43.6177233172817,55.79999924,87.421387212843,4.60667733499397,,99.2
ECU,2018,6303.91886658338,1.04429460679607,48.0093476154836,57.5,92.5117717203865,4.6250260585881,,98.7
ECU,2019,6205.05765246766,0.1654044646003,48.0828494933307,59.2,91.4249181128443,4.24576997756958,,99.1
ECU,2020,5463.64515348598,-9.24509619165865,43.9893109378389,70.7,88.2554920433727,4.26103019714355,,98.9
ECU,2021,6061.32350181711,9.42189269033631,53.261275610573,69.1147995,94.950621672761,3.65649008750915,,100.0
ECU,2022,6515.58528418336,5.86842354862311,61.880792818786,69.71811356,98.1309025742238,3.61301994323731,,100.0
ECU,2023,6737.84748379638,1.98823813984235,56.9977535649091,72.6943146,101.031752745524,3.81964993476868,,98.7
ECU,2024,6874.705739766,-2.00125476341026,57.2031395531255,77.17273115,101.598265014024,3.69074988365173,,
EGY,2015,3306.98159414141,4.37201907790141,34.8459429600229,37.8193834276939,94.3962460363651,,0.71858,99.3
EGY,2016,3270.6287768197,4.34664345555447,30.2465490514505,41.2480670885772,96.2091951594197,,0.70848,100.0
EGY,2017,2395.10333299491,4.18122099994778,42.8321343581608,44.9502042452857,99.2884367821237,,0.64486,100.0
EGY,2018,2484.70315630508,5.3311086189448,45.9110196733959,46.92433676792,88.7420881346276,,0.68839,100.0
EGY,2019,2962.98892023003,5.55209307156956,41.1240171551108,57.2828663990195,88.6447815879102,,0.79617,100.0
EGY,2020,3511.11381026379,3.55016483786838,32.1262555667523,71.91420096,87.2316871725819,,0.91564,100.0
EGY,2021,3827.35415374308,3.29064601202211,29.8569734808122,72.05599976,84.0866220906029,,0.91175,100.0
EGY,2022,4233.30783744856,6.58784560886967,36.9831048772713,72.19806556,90.6794715776528,,1.01968,100.0
EGY,2023,3456.78968456253,3.76028052279247,40.4504007720031,74.01190186,92.8261626420085,,1.03356,100.0
EGY,2024,3338.47371395895,2.3991692678251,39.6007520873733,74.64839935,97.1295066037455,,1.01757,
ESP,2015,25982.4416197775,4.06086672473866,63.5820412248232,78.6896318703515,109.391040801705,4.24903011322021,1.21165,100.0
ESP,2016,26755.6061149398,2.91515598595787,63.1886778507294,80.5613329432179,110.247061960011,4.19327020645142,1.1808,100.0
ESP,2017,28381.3425596906,2.89604207865007,66.167446137857,84.6022457016524,112.030085134191,4.17846012115479,1.20198,100.0
ESP,2018,30602.4212881113,2.39541124478878,67.0094103982921,86.107235525659,115.009066880916,4.15045022964478,1.23288,100.0
ESP,2019,29786.5245689007,1.96117850841711,66.3662250440692,90.718665325267,116.69612128516,4.20255994796753,1.24207,100.0
ESP,2020,27233.9426461608,-10.9400706350371,59.4461280147076,93.20564892,116.712041523767,4.85118007659912,1.39637,100.0
ESP,2021,30799.4775937775,6.68314420473001,66.524588943191,93.89752157,118.999806936801,4.81316995620728,1.39617,100.0
ESP,2022,30319.4987196616,6.37031712129601,78.4657338703054,94.4855432,123.399528756795,4.58553981781006,1.40684,100.0
ESP,2023,33493.2225409111,2.46085796805582,71.7976366055733,95.44564516,127.715490236713,,1.49362,100.0
ESP,2024,35326.7683069278,3.45525405630191,69.9502612382631,95.7574516,130.260997343256,,,
EST,2015,17722.1557669523,1.83815262882932,148.507157123558,88.4097035040431,144.802963084675,5.05127000808716,1.44125,100.0
EST,2016,18666.3736521706,3.09301920751959,147.7462327097,87.2402327514547,144.235470787302,5.05511999130249,1.21835,100.0
EST,2017,20851.5223496861,5.63467248963991,144.635650944133,88.1024568740199,144.556616126155,4.86288022994995,1.25152,100.0
EST,2018,23618.1361254581,3.69969756161726,143.485224864735,89.3570077747426,145.543490183174,5.13962984085083,1.38298,100.0
EST,2019,24021.2501413306,3.72664943466884,140.352147998549,90.2289281997919,147.04692867619,5.16415023803711,1.59093,100.0
EST,2020,23933.9939421065,-2.88380751483778,137.392641283846,89.05828666,144.832210121466,5.44180011749268,1.72614,100.0
EST,2021,27951.1659277744,8.25488044580031,160.471922305927,90.97970174,148.739589817601,5.21514987945557,1.75152,100.0
EST,2022,28340.3826549406,-1.22616966587796,175.68711950524,91.52016546,152.270772859015,5.20733976364136,1.76094,100.0
EST,2023,30264.0064885057,-2.74421914571231,154.592617111149,93.18342241,150.195729068839,,1.83878,100.0
EST,2024,31428.3547816104,-0.0900428648493801,151.037702410455,92.23796204,151.131825017309,,,
FIN,2015,42560.3456767103,0.466503766322674,71.9618253787014,86.4221333325445,134.974123663686,7.07199001312256,2.88826,100.0
FIN,2016,43451.2562442158,2.57193414898754,71.7222101178859,87.7036499599455,131.382780978293,6.90873003005981,2.74716,100.0
FIN,2017,46085.0174739036,3.30337003591039,75.9387822310041,87.4689290730615,129.983392624641,6.40826988220215,2.74723,100.0
FIN,2018,49654.2497035329,1.19297759742292,79.1436148422846,88.8899599985585,129.629119305202,6.31771993637085,2.77601,100.0
FIN,2019,48358.1807773701,1.34973845741737,80.5641502947367,89.6073851129779,129.487723024493,6.45300006866455,2.81534,100.0
FIN,2020,48828.6846862799,-2.49103605535707,72.1845955995888,92.17027106,128.761294644181,6.6812801361084,2.93278,100.0
FIN,2021,53099.1351400148,2.67634641498897,79.7892781913782,92.80806082,129.036333202492,6.58820009231567,3.01133,100.0
FIN,2022,50440.560224974,0.763041912763526,94.5625340522667,92.98879471,128.023293416281,6.37578010559082,2.982,100.0
FIN,2023,52834.2916752703,-0.939093459613758,85.5633906057585,93.51385075,127.47302579722,,3.0938,100.0
FIN,2024,53149.7671934051,0.416171964862073,83.4601015353507,93.72405196,125.860954798649,,,
FRA,2015,36702.4323733379,1.06675474783462,63.5046871956484,78.0060377071902,102.718366606519,,2.22401,100.0
FRA,2016,37024.2157133669,0.860031075424033,63.3427564383351,79.2698113207547,103.816661597799,,2.22468,100.0
FRA,2017,38687.1626407164,2.08361485997399,65.3958481559711,80.5024597243607,105.718368398783,5.46482992172241,2.20422,100.0
FRA,2018,41418.1766484844,1.64590872395887,66.8022607812266,82.0431867788484,107.482434668386,5.42540979385376,2.20407,100.0
FRA,2019,40408.2848574751,2.02744646419237,66.4289771741449,83.3397440866883,109.600780374596,5.36638021469116,2.19668,100.0
FRA,2020,39169.8606000707,-7.44064589948231,58.8388907240647,84.70639801,110.387215275645,5.65871000289917,2.2742,100.0
FRA,2021,43725.0999521245,6.88233783360239,63.788482630872,86.09548575,113.952719366702,5.41743993759155,2.21278,100.0
FRA,2022,40988.6396406579,2.71676264185913,75.9630077981996,85.33331734,115.950519429629,5.32434988021851,2.21937,100.0
FRA,2023,44700.1384177544,1.43921494437743,70.6261450610225,86.83635789,116.687800394775,,2.17832,100.0
FRA,2024,46103.0840855884,1.19046798275883,68.1081875443744,88.65381638,,,,
GBR,2015,45255.3449216209,2.14040560033371,57.125044605439,92.0002998740234,121.211739725133,5.55453014373779,2.27566,100.0
GBR,2016,41257.9085545556,2.20652020635357,59.8395315138259,94.7758006318882,119.786558760596,5.42795991897583,2.32051,100.0
GBR,2017,40916.8115070354,3.02322219840339,63.1899245764158,90.4245504868553,119.206737402819,5.45254993438721,2.32602,100.0
GBR,2018,43702.9976303165,1.55133095078786,64.9097721959201,90.692008988783,118.184381927412,5.20438003540039,2.70889,100.0
GBR,2019,43158.7411267323,1.25629899760824,65.0035664177054,92.5166285497138,120.250108782533,5.26116991043091,2.6707,100.0
GBR,2020,40812.6794663879,-10.047896637362,59.1598893030611,94.81820132,117.304850715261,5.43936014175415,2.93993,100.0
GBR,2021,47691.3768799404,8.5431118453255,58.53838629291,96.19650269,117.887430294308,5.90681982040405,2.89968,100.0
GBR,2022,47057.043229179,5.14970388522993,69.1989264413981,95.46530151,119.833999505569,,2.75224,100.0
GBR,2023,49944.4702124201,0.271650048355255,64.9923841747803,95.44719696,122.781542240418,,2.67614,100.0
GBR,2024,53246.3676145108,1.1264226705118,62.8401605267118,95.4720993,121.643331373201,,,
GRC,2015,17980.7298238137,-0.228301892172851,65.2716454619318,66.8349594911035,116.133089816996,3.68238997459412,0.9716,100.0
GRC,2016,17919.2426377048,-0.0317947678412054,63.6575490882866,69.0879154723892,116.365109232942,,1.00556,100.0
GRC,2017,18631.9930129293,1.47312472702352,70.8824967397253,69.8929706543154,120.305633506681,3.46778011322021,1.1492,100.0
GRC,2018,19873.4015238771,2.06467207892409,79.2379908638706,72.2383733920483,113.418450589721,3.57626008987427,1.2066,100.0
GRC,2019,19335.3602002969,2.27718065334808,80.5900949510457,75.6712066931757,110.855033355177,3.55062007904053,1.26236,100.0
GRC,2020,17886.733165236,-9.19623149726978,70.2937464580745,78.11584474,106.669795200072,,1.48872,100.0
GRC,2021,20654.7001960815,8.65449786002131,88.0126654490379,78.49426371,108.643525000707,,1.43353,100.0
GRC,2022,20886.5243087629,5.52198580589408,108.121843229922,83.17066333,109.026956114201,3.37547993659973,1.47714,100.0
GRC,2023,23343.7103964562,2.13591131996631,92.4710882947018,85.0102229,110.79216956747,,1.4943,100.0
GRC,2024,24626.1481858973,2.0865743380603,89.7765279446168,86.26968886,113.597610306796,,,
GTM,2015,3893.50533299068,4.09217081621244,49.8934517710689,28.80590057,113.459063296974,3.03032994270325,0.03064,90.5
GTM,2016,4060.13784737643,2.67780277623314,46.3727344722496,34.50930023,112.267437714983,2.94474005699158,0.02311,91.8
GTM,2017,4324.99768915601,3.07985126948702,46.0694033463258,37.90000153,120.637721514663,2.95009994506836,0.02955,93.3
GTM,2018,4352.94593289707,3.40687348346576,47.0116852699223,41.5,121.500075538632,3.13193988800049,0.02938,94.2
GTM,2019,4511.99839552697,4.01789785040324,45.5167341512863,44.401049838502,122.043793418341,3.19297003746033,0.02642,95.4
GTM,2020,4477.61785000665,-1.78555175063326,41.1407594507716,47.51229858,117.475884100805,3.29485011100769,0.04887,96.6
GTM,2021,4912.62240414681,8.04170378184928,49.2611494576228,50.84164945,125.718955715353,3.09189009666443,0.05835,97.9
GTM,2022,5358.70156997677,4.18451817243695,54.4310384820058,54.40430069,115.156435692604,3.20787000656128,0.00549,99.1
GTM,2023,5758.32760847852,3.5331575177533,48.2970707467356,56.72669983,113.709374947241,3.10877990722656,0.00609,100.0
GTM,2024,6150.02571438505,3.65186382894819,47.344196760267,60.22140121,112.520863034346,3.07588005065918,,
HRV,2015,12283.7840620053,2.31998692708386,90.6522705485118,69.8450359238281,105.543643003646,,0.82388,100.0
HRV,2016,12820.1653893008,3.46646114288178,92.1392009356077,72.6972696701463,106.718403536951,,0.84569,100.0
HRV,2017,13901.7878144679,3.28396321643012,97.2445256540374,67.0961920368478,105.794763679153,3.87207007408142,0.84354,100.0
HRV,2018,15460.3669595491,2.91107593407843,99.0848546362534,75.2946259897258,109.034035401906,3.92432999610901,0.94608,100.0
HRV,2019,15563.5987295029,3.10152683894853,101.394766564216,79.0797836757554,110.493802074789,3.94555997848511,1.07723,100.0
HRV,2020,14807.5608543265,-8.31086401501189,89.5480523143212,78.32090004,110.666299439701,4.40854978561401,1.23536,100.0
HRV,2021,17788.7865816658,12.6322190351024,102.328697150799,81.25396608,112.169438491978,4.0916600227356,1.24187,100.0
HRV,2022,18465.5414420364,7.29445343642668,125.410877974694,82.07155532,114.677195729643,,1.41896,100.0
HRV,2023,22184.2279304842,3.76164540703459,107.278314008304,83.24117599,117.112604314708,,1.38621,100.0
HRV,2024,24050.4397933135,3.82688702890739,104.912326073253,83.63240029,121.732525659138,,,
HUN,2015,12782.9412577973,3.65981615406955,167.290738494524,72.8347370323805,100.623739037612,4.49287986755371,1.33884,100.0
HUN,2016,13215.8605277789,2.43864141309342,163.97194450015,79.2594121273057,101.442011503556,4.60210990905762,1.17645,100.0
HUN,2017,14736.1668157258,4.12418389451805,165.032855840268,76.7505471201922,101.629260697653,4.64034986495972,1.31498,100.0
HUN,2018,16605.0570511887,5.60613813768876,162.700858777925,76.0743606365063,102.737202940663,4.60567998886108,1.50196,100.0
HUN,2019,17012.8598553199,5.07718495088933,159.925556464831,80.3716936050482,105.141557934591,4.20140981674194,1.46473,100.0
HUN,2020,16386.9308821258,-4.33872540024058,154.527002936377,84.77115202,105.981902376717,4.12265014648438,1.58067,100.0
HUN,2021,19030.628130329,7.22291580811137,159.187527332834,88.64083466,105.137285804787,4.65407991409302,1.63327,100.0
HUN,2022,18428.028825614,4.15238057779229,185.000204092698,89.14282688,105.793848314995,3.8011999130249,1.39056,100.0
HUN,2023,22230.6277875187,-0.817107370513455,158.385747467469,91.4500713,105.054424922699,,1.37748,100.0
HUN,2024,23292.3263882478,0.560117843140432,146.504561505902,93.77898628,104.58063059269,,,
IDN,2015,3288.22269725538,4.87632230022123,41.9376402415294,22.062742603379,129.468797674053,3.58361005783081,,97.5
IDN,2016,3521.46943457574,5.03306918280177,37.4213418023318,25.447353701827,145.704251250337,1.21023452496964,0.24535,97.6
IDN,2017,3798.88326174526,5.06978590134916,39.3554970704606,32.335806250688,162.782511760443,1.05324382490056,0.23805,98.1
IDN,2018,3860.95353090726,5.17429153955024,43.0743089552002,39.9046386385762,118.330216938024,0.994436460846179,0.22632,98.5
IDN,2019,4106.94856160358,5.01928768046282,37.6277775357108,47.6906489788375,125.244348145809,0.964399077622927,0.27129,98.9
IDN,2020,3853.70288774146,-2.06551182934165,32.9721754002427,53.72649449,129.40362112725,1.01593221347809,0.28068,97.0
IDN,2021,4287.17313995098,3.70288562827751,40.2047582749671,62.10447842,132.199444256099,1.03221750658374,,99.2
IDN,2022,4730.83484836107,5.30719722664799,45.4646701959453,66.48461277,122.873012230307,0.863943349575907,,100.0
IDN,2023,4876.30774512252,5.04902331835997,41.3362868707652,69.20836554,125.238194847046,1.27517088245674,,99.4
IDN,2024,4925.43048751861,5.03034469419038,42.572647301834,72.78075544,122.514946500491,,,
IND,2015,1583.99815907985,7.99625378571471,41.9229138658647,14.89999962,75.379332347226,4.1145601272583,0.6931,88.0
IND,2016,1707.50892912243,8.25630550179086,40.082485713276,16.5,83.917838213735,4.25406980514526,0.66984,89.6
IND,2017,1950.10468280866,6.79538341897911,40.7424969545225,18.20000076,85.9703537817688,4.30543994903565,0.66603,91.8
IND,2018,1966.25455171679,6.45385134497769,43.6169693323889,20.0813000379384,85.5500756367908,4.36374998092651,0.66001,95.7
IND,2019,2041.42863698585,3.87143694070356,39.9054035306442,29.52350044,82.898144918237,3.89732003211975,0.65942,95.9
IND,2020,1907.04251637669,-5.77772470686801,37.7581053292768,43.40544313,82.2540479927426,4.29335021972656,0.64558,96.5
IND,2021,2239.61384367482,9.68959249192875,45.4230887840446,49.2580986,81.603974311212,4.62949991226196,,99.6
IND,2022,2347.44829434623,7.60936497768895,50.0752701498882,55.9,80.1818007717416,4.09865814174589,,99.2
IND,2023,2530.12031278204,9.19075493028345,44.9928422877561,60.25230026,80.5631998772888,,,99.5
IND,2024,2694.73780859961,6.49476552383821,44.6492935069676,64.9434967,79.3526921826412,,,
IRL,2015,64250.1385181257,24.6239856364006,223.702938290642,83.4947916666667,104.242903808134,3.62438988685608,1.14062,100.0
IRL,2016,64129.5571542383,1.22271661130947,239.708527798768,83.5,102.558386941167,3.65881991386414,1.14954,100.0
IRL,2017,72161.4047531385,10.1088576065965,233.304083346711,84.1140070623844,101.842124574945,3.37737011909485,1.20821,100.0
IRL,2018,80804.1123164826,7.68865937437435,222.453716000399,87.0001401148942,102.030494877842,3.30347990989685,1.08244,100.0
IRL,2019,81827.6688873996,4.97288003766816,257.652772910421,87.0000552425146,104.597515228061,3.22984004020691,1.13733,100.0
IRL,2020,86514.0706108754,7.15369505735335,258.780437026252,91.99989097,105.045612677382,3.19163990020752,1.12466,100.0
IRL,2021,103783.446284479,16.2581881158197,231.032350863586,93.50610352,106.86972424373,2.90461993217468,1.0732,100.0
IRL,2022,105190.685952731,7.51113888415304,237.755419559378,95.03690338,110.608851322579,,1.53215,100.0
IRL,2023,106818.917130804,-2.53637409313261,239.649627585111,96.8660965,110.798344311602,,1.58829,100.0
IRL,2024,112894.953240805,2.59946721553708,246.169874857401,97.18769836,112.638817343502,,,
ISL,2015,53505.6964079339,3.76859023848581,94.8888027460231,98.19999695,116.004435688559,7.45796012878418,2.18137,100.0
ISL,2016,62854.0906407932,6.21808764217616,87.7600165983392,98.23999786,119.679414972554,7.43221998214722,2.11011,100.0
ISL,2017,72976.3729990975,3.48506703916689,86.3585336945067,98.2552011867973,116.796155223255,7.58384990692139,2.08365,100.0
ISL,2018,75633.8651351915,4.66077032612084,88.934996973139,99.0109539916991,116.581078859812,7.56350994110107,2.00081,100.0
ISL,2019,69296.3144361601,1.13821230465001,83.7923659518443,99.5049411693787,114.623232603271,7.60129976272583,2.34018,100.0
ISL,2020,60127.9393575616,-6.64587816297836,68.6550233460548,99.5327519,114.939418571031,8.5838098526001,2.4864,100.0
ISL,2021,70425.4064277273,5.1805719742238,76.2317249850944,99.68701957,117.34255750797,8.2265796661377,2.78171,100.0
ISL,2022,76350.4550416502,8.82069395623492,93.0487199615013,97.58339691,120.114839781678,7.30798006057739,2.60089,100.0
ISL,2023,82138.7892973557,5.18615760140189,87.4049419122047,97.94860077,121.475495280706,,2.64005,100.0
ISL,2024,86040.5309851288,-0.970676468918384,85.9671932681303,98.209198,120.927513243653,,,
ISR,2015,36213.1041481958,2.23760317482488,58.897971915566,77.3520896572253,131.256932278377,5.79657983779907,4.29761,100.0
ISR,2016,37671.5389138798,4.45978271860821,57.7990316850783,79.6531241815281,128.745353991867,5.80271005630493,4.59051,100.0
ISR,2017,41138.470964272,4.3469311670646,56.2801142540924,81.5811835871611,126.049460421008,6.00425004959106,4.74032,100.0
ISR,2018,42362.6652754196,4.00389862187025,58.7437542387448,83.7331569615326,125.733440171505,6.06919002532959,4.91965,100.0
ISR,2019,44250.6313628073,3.71049632750405,56.325348642584,86.7878776180583,135.143345507015,6.06899976730347,5.35528,100.0
ISR,2020,44575.5719045492,-2.02161548237589,51.2366737920366,90.12734091,139.425860895034,6.51824998855591,5.83209,100.0
ISR,2021,52270.9040241956,9.38837403354628,54.9016842006986,90.29689758,139.775312861878,6.16727018356323,5.75725,100.0
ISR,2022,54949.621556429,6.26326343841286,60.6448526742952,91.85079615,151.1379631075,5.93291997909546,6.17831,100.0
ISR,2023,52003.7200729997,1.82652049482384,57.9903207136983,87.03842615,153.336641345572,,6.34589,100.0
ISR,2024,54176.6844383302,0.871968424377442,54.4520002969727,88.18242225,177.393104798636,,,
ITA,2015,30639.8829751432,0.885667635240807,55.4356858148221,58.1417349568747,144.763979440074,4.05422019958496,1.33213,100.0
ITA,2016,31391.5692898108,1.23622108511661,54.4321467018313,61.3242527666303,142.127307324616,3.795490026474,1.35915,100.0
ITA,2017,32844.115660604,1.60369995294101,57.5829940274911,63.0773469984291,138.882433107903,4.02662992477417,1.36393,100.0
ITA,2018,34904.1081923834,0.826646712344115,59.2749835128154,74.3871829234822,138.264671531909,4.24094009399414,1.41934,100.0
ITA,2019,33812.788724868,0.429162533780342,58.6941902594738,67.8507102874836,132.181234381376,4.07843017578125,1.45558,100.0
ITA,2020,32091.4866621366,-8.86822122185345,53.9394839042764,70.48342785,129.49000571147,4.41803979873657,1.49869,100.0
ITA,2021,36852.5425414951,8.93106210800055,60.3019776202798,74.8623274,130.781488497698,4.17118978500366,1.41065,100.0
ITA,2022,35653.9042103495,4.82117669913565,72.0165023032697,85.06074504,131.673965640047,4.06775999069214,1.36563,100.0
ITA,2023,39277.0838783918,0.975694840127005,65.1071778763174,87.0278292,131.871674517747,,1.37935,100.0
ITA,2024,40385.3413957669,0.692676948440536,62.8237685119526,89.2207202,132.575141676252,,,
JPN,2015,34960.6393843385,1.56062669680782,35.4274083544798,91.0580283929962,126.150959704287,3.31221008300781,3.24071,100.0
JPN,2016,39375.4731620781,0.753826745789127,31.3102468455884,93.1827212821617,131.214861037498,3.14643001556396,3.10665,100.0
JPN,2017,38834.0529341227,1.67533175173359,34.4232135721686,91.7265472366635,135.985843116605,3.13057994842529,3.16636,100.0
JPN,2018,39751.1330982711,0.643391023533141,36.609931802107,88.7463508901772,141.728728918149,3.07782006263733,3.2192,100.0
JPN,2019,40415.9567649547,-0.402169200894946,35.2164181084145,92.7303978145525,147.209910756974,3.15533995628357,3.21824,100.0
JPN,2020,40028.7341726762,-4.16876457146743,31.335208636773,90.21945812,154.432206765516,3.30628991127014,3.26556,100.0
JPN,2021,40094.5599795288,2.69657404187188,36.7384462280698,82.91407928,159.516123485628,3.33663988113403,3.27383,100.0
JPN,2022,34065.6438962526,0.941998775483285,46.8129868368938,84.92343147,168.602943650636,,3.40053,100.0
JPN,2023,33836.1756271617,1.47503481053384,45.1508795641248,85.00990295,178.432441299977,,3.44125,100.0
JPN,2024,32487.0778047567,0.104309021773304,46.4069516150859,85.54153081,,,,
KOR,2015,30171.7906545222,2.92029267301234,75.3881774564907,89.8962557995106,115.595447050042,4.24247980117798,3.78907,100.0
KOR,2016,30832.0628072516,3.17152748983935,69.8997221316919,92.8430256796075,119.489512998783,4.11502981185913,3.78638,100.0
KOR,2017,33296.9845439195,3.433191763972,73.1921408264016,95.0694218761004,123.642066127533,4.10775995254517,4.07341,100.0
KOR,2018,35363.9508228687,3.17611568177327,74.7075162140824,96.0228595797887,128.494634504197,4.21645021438599,4.27155,100.0
KOR,2019,33826.9443301597,2.31380210595475,71.4470632403511,96.157579184239,133.079790493891,4.41813993453979,4.36379,100.0
KOR,2020,33645.7719545073,-0.700242317542106,65.544957860621,96.50506052,135.973274343048,4.52706003189087,4.5214,100.0
KOR,2021,37518.4635305697,4.61296795454287,75.3063047610912,97.57132698,140.516382791931,4.55590009689331,4.59673,100.0
KOR,2022,34822.4048404971,2.72756456708991,90.5851475278549,97.16855335,148.68360770138,5.40910005569458,4.84753,100.0
KOR,2023,35674.095995632,1.58301467403629,82.2580090716629,97.41597478,162.11365652794,,4.94352,100.0
KOR,2024,36238.639908315,2.00361101838986,84.6424951192038,97.89563777,172.520241179065,,,
LTU,2015,14269.8039878287,2.83280643343234,138.195575009601,71.3780590101754,143.991494147494,4.21646022796631,1.04077,100.0
LTU,2016,14934.2702840428,2.67192215053329,134.690449650877,74.3766455618662,146.550393676088,4.01143980026245,0.84391,100.0
LTU,2017,16800.1510246099,4.61224310312809,144.918393101325,77.6152565124514,154.147985747777,3.81236004829407,0.8963,100.0
LTU,2018,19247.2315367967,4.91836780106811,147.202132525221,79.7225827680518,134.333614750945,3.85628008842468,0.92781,100.0
LTU,2019,19608.7943945553,4.67735183530451,148.374996011818,81.5818683764046,132.528841977519,3.9415500164032,0.98701,100.0
LTU,2020,20428.6478157394,0.0428158336981426,135.796565563519,83.05554724,131.341332336588,4.47348022460938,1.12379,100.0
LTU,2021,23870.4594851722,6.38001606179873,154.80672767597,86.93054425,133.357273318046,4.23977994918823,1.10044,100.0
LTU,2022,25085.784063499,2.53752574011534,175.651612151093,87.72420219,135.834150715729,4.25285005569458,1.05289,100.0
LTU,2023,27786.0057829276,0.342262716277261,149.041909014608,88.50287484,137.203719983084,,1.04977,100.0
LTU,2024,29384.0189598663,2.77263124530285,143.04839086338,89.16116293,138.728835196967,,,
LUX,2015,105462.012584423,2.26978423302835,351.13197436149,96.3767141704759,141.659175188223,3.76792001724243,1.25226,100.0
LUX,2016,106899.293549552,4.97819011520116,348.437409376889,98.1366986657616,130.932672500368,,1.2669,100.0
LUX,2017,110193.213797228,1.31718713754285,353.793991980303,97.3629603241751,133.110922975046,3.48645997047424,1.23898,100.0
LUX,2018,116926.759593905,1.61129561338169,361.865445198667,97.061298705829,131.326868398506,3.65772008895874,1.17039,100.0
LUX,2019,112696.649059674,2.74931929072659,382.66078058442,97.120635693272,131.870169616698,3.73705005645752,1.18209,100.0
LUX,2020,116860.02817236,-0.510051634039826,375.581396376432,98.45962893,132.908973559976,3.85499000549316,1.09627,100.0
LUX,2021,134965.815442152,6.9297342584233,397.506180867971,98.66086333,136.87108956478,3.68531990051269,1.03153,100.0
LUX,2022,123719.658915996,-1.0974168968152,412.177169924175,98.24203749,139.651285065505,3.74451994895935,1.0653,100.0
LUX,2023,133230.619178899,0.0994399943552651,402.566968197345,99.34785707,144.474949556306,,1.07045,100.0
LUX,2024,137781.681659123,0.35861253942069,351.267921153192,98.7606147,,,,
LVA,2015,13321.9753140616,3.78336712084972,126.380014406006,79.2005829239344,130.949148754694,5.46670007705688,0.641,100.0
LVA,2016,13838.5266823272,2.55168601974034,123.330518429659,79.8420977843089,135.227462327724,4.82350015640259,0.45065,100.0
LVA,2017,15132.4958333982,3.39894872623931,128.714003328884,80.1140770037369,126.846989128969,4.52905988693237,0.53004,100.0
LVA,2018,17252.1710428626,4.30971286294503,128.234095559822,83.5771748630956,107.397431401316,4.39430999755859,0.66138,100.0
LVA,2019,17294.9751600969,0.675372771884227,125.29163170793,86.13545644343,108.221910991332,4.58675003051758,0.6602,100.0
LVA,2020,17564.2321549354,-3.46922750780554,123.88319804656,88.89796078,107.902487108935,4.99749994277954,0.75663,100.0
LVA,2021,20261.8887788916,6.94254173062592,136.796615414819,91.17964988,114.644670333429,4.76774978637695,0.77085,100.0
LVA,2022,20221.103686109,1.90853419029801,159.892778190649,91.03009059,115.202627450543,4.3196702003479,0.8122,100.0
LVA,2023,22710.2637544197,-0.941606068823631,135.642989154266,92.18791291,119.909944560018,,0.8236,100.0
LVA,2024,23409.0845154775,-0.0461080109713521,132.262507895925,92.70757011,121.262202363304,,,
MAR,2015,3146.24780273438,4.34458297635238,67.2886759253849,57.0799993486116,124.480492544005,5.133369043677,,97.3
MAR,2016,3140.85546875,0.52118550608968,71.1226603816864,58.271236420398,118.531797132419,5.08530197423073,,97.8
MAR,2017,3296.52661132813,5.05789816173446,74.1733578786573,61.7622120123071,123.894319060738,4.73564982004448,,100.0
MAR,2018,3501.69799804688,3.06564133025955,77.2548875243989,64.8038651924043,124.827523956634,4.96022713486949,,98.1
MAR,2019,3508.09765625,2.89097476137077,75.9981158798422,84.1203630467602,128.874798962456,5.0032567210502,,99.6
MAR,2020,3268.0302734375,-7.17820744246774,68.8438033904364,84.12036305,135.088404811169,6.28428263644307,,100.0
MAR,2021,3785.93627929688,8.15473889823681,75.5234171756506,88.13031937,138.911268095998,5.64273401285138,,100.0
MAR,2022,3463.1376953125,1.81269242194809,100.906310201651,89.9,141.870002419562,5.91224674061277,,100.0
MAR,2023,3813.72607421875,3.65564411017931,93.1178844179777,91.0,148.155101338402,6.02096928801329,,100.0
MAR,2024,4153.1943359375,3.79336515978963,92.1872446062404,91.2,153.057260079672,,,
MEX,2015,10021.2386118827,2.70232342550646,70.412974676264,57.4310429923633,88.9454290232153,5.05087995529175,0.41477,99.0
MEX,2016,9097.92397674769,1.77249323845399,75.6903034088551,59.5404459967255,91.3941924453661,4.75795984268188,0.37601,99.5
MEX,2017,9649.27816772402,1.87172853327193,76.9521260407254,53.0317886110982,92.6493518556478,4.39752006530762,0.31955,100.0
MEX,2018,10084.7937562021,1.97208209405635,80.2126616568975,56.6595667981289,96.4612204576614,4.13944005966187,0.29816,99.5
MEX,2019,10369.5553585271,-0.392690505066824,77.4619722571128,69.6321092705209,97.0358606795758,,0.27629,99.6
MEX,2020,8841.27075039868,-8.35403458167995,76.8545557056016,71.49017499,96.9237451881936,4.4996600151062,0.29185,99.4
MEX,2021,10314.0506722115,6.0484834621255,83.0692976357895,75.62650476,99.09481491263,4.23823976516724,0.27305,100.0
MEX,2022,11405.7940473759,3.70975709163623,88.7984855867186,78.63217894,105.720624125765,4.05987977981567,0.25727,100.0
MEX,2023,13860.9597809326,3.35354140652768,73.5788616365245,81.18318755,111.735420288549,,0.26746,99.7
MEX,2024,14185.7812248529,1.42742769080466,74.5889079825143,83.12233799,116.486713265167,,0.25372,
MYS,2015,9648.6797937523,5.09153242155011,131.37007244526,71.0640678111957,141.210531313909,4.89487981796265,1.27945,99.9
MYS,2016,9476.53409809923,4.44978139761541,126.8990100257,78.7883099275229,136.725167298764,4.75191020965576,1.41517,99.9
MYS,2017,9862.54806612235,5.81272240983328,133.155173371956,80.1404790103961,130.853522804244,4.6753101348877,,100.0
MYS,2018,10901.8019954421,4.84308697634881,130.402625502126,81.2010486181174,128.873150399987,4.47865009307861,1.04026,100.0
MYS,2019,10920.191763972,4.41318742129586,123.028562027943,84.1871450078281,133.372921941941,4.15775012969971,,100.0
MYS,2020,9957.52626697613,-5.45684658426701,116.788182437638,89.55501192,129.017911652905,3.91176009178162,0.95055,100.0
MYS,2021,10903.1037480772,3.31534954399166,134.035994690727,96.7514278,137.684938559871,4.26109393398867,,100.0
MYS,2022,11754.5678336248,9.03173723044451,146.424604753908,97.3986404,138.208441079076,3.49933781956284,1.0121,100.0
MYS,2023,11386.0395636528,3.5370638041057,132.593461641599,97.69272633,142.7320920639,3.51481008529663,,100.0
MYS,2024,11874.4273684245,5.10545921024041,137.362571161559,98.0206059,139.664651283564,,,
NLD,2015,45793.8135434697,2.12060523860846,160.325812564809,91.7241379310345,121.637501079209,5.27802991867065,2.11792,100.0
NLD,2016,46808.5291492503,2.42428572955482,150.96552921165,90.4109589041096,121.420358968335,5.38952016830444,2.11546,100.0
NLD,2017,49513.6817346384,2.78154619309936,159.646059656847,93.1972789115646,118.57673269471,5.08747005462646,2.14167,100.0
NLD,2018,53955.0770024266,2.2587403735731,163.559146573044,91.8918918918919,121.162164892591,5.26723003387451,2.1027,100.0
NLD,2019,53554.9007491475,2.30009157916757,160.676671884999,93.2885906040269,124.08833250929,5.0559401512146,2.14036,100.0
NLD,2020,53467.9277413737,-3.86795333823223,152.233230409706,91.33333333,121.422728509042,5.29139995574951,2.26514,100.0
NLD,2021,60141.9880911492,6.2768306708326,163.154842689698,92.05298013,123.447849713072,5.37661981582642,2.21542,100.0
NLD,2022,59123.318556487,5.00723455159611,184.107484252682,92.51968504,115.8205562749,5.17918014526367,2.17529,100.0
NLD,2023,63515.6030780019,-0.598096167209832,165.030429478933,97.00680272,125.272736960305,,2.26719,100.0
NLD,2024,67520.4218956281,1.08100584845663,153.83065216636,97.00679779,128.538765867661,,,
NOR,2015,74809.9658049898,1.85733971623901,70.431856540017,96.810325691365,110.118346262292,7.52335977554321,1.92351,100.0
NOR,2016,70867.3609970749,1.16472423928819,69.1168423974699,97.2982036675068,109.426806771527,7.98443984985352,2.03286,100.0
NOR,2017,76131.8384032764,2.46374626574153,69.1087817621061,96.3576012951191,108.392640087689,7.84599018096924,2.08168,100.0
NOR,2018,82792.8427113304,0.828931500516902,70.0031957894984,96.4916579887094,107.702543341632,7.59564018249512,2.03482,100.0
NOR,2019,76430.5889473338,1.12374694968757,70.8958205272987,98.0000043853142,108.00526578567,7.86455011367798,2.13599,100.0
NOR,2020,68340.0181033702,-1.27817177234034,65.3539790413323,94.60755647,108.296844518424,8.37281036376953,2.24436,100.0
NOR,2021,93072.8925119571,3.90868676830634,71.2227137759599,99.0000036,109.585637519783,6.9602198600769,1.88764,100.0
NOR,2022,109269.520580298,3.24622860260932,82.6094798361389,98.99997764,111.657196221742,5.43234014511108,1.55081,100.0
NOR,2023,87497.2179649556,0.0721204806030329,80.3638456401269,99.00000258,109.654228618195,,1.85142,100.0
NOR,2024,86785.4334489176,2.09723059960317,81.3635091827243,99.0,109.348606513576,,,
NZL,2015,38665.3723018158,3.69036908387233,54.851331734287,85.19999695,121.368981425995,5.70350980758667,1.22707,100.0
NZL,2016,40113.7195382428,3.77911068354334,52.4062478142589,86.5,129.380648472778,5.49972009658813,,100.0
NZL,2017,42950.3841711138,3.37873219470765,54.1432970416804,87.69999695,132.980049668049,5.27543020248413,1.34788,100.0
NZL,2018,43257.0769238879,3.47058203866328,55.7664814899437,89.0,128.936896010016,5.1896800994873,,100.0
NZL,2019,42855.831861632,2.31747144034802,54.4542971758367,89.86370087,120.475335425902,5.1741099357605,1.4642,100.0
NZL,2020,41997.7830324279,-0.307246896026541,43.9772422862431,90.92099762,123.000574962598,5.64268016815185,,100.0
NZL,2021,49950.4251691316,4.53540565716095,48.5412477650846,91.99060059,114.454714130458,5.5409197807312,1.48604,100.0
NZL,2022,49099.7090423358,3.49638686458842,53.4761627655817,93.07289886,115.984187800849,5.16741991043091,,100.0
NZL,2023,49075.9562832927,1.39425181563566,50.4064316790513,93.32610321,126.854978584281,5.21326017379761,1.54848,100.0
NZL,2024,49205.1792146792,1.28862004711685,51.224397222513,93.51930237,130.093457083544,,,
PAK,2015,1380.47020838317,4.21794209572506,26.6881860172247,11.0,57.9405984557576,2.38609004020691,0.22193,91.0
PAK,2016,1424.69161195897,6.57383828511043,24.7015780480573,12.385446763381,62.0013242640944,2.66805005073547,,91.8
PAK,2017,1519.23459514248,4.43262590683975,25.472035002344,13.77999973,64.7301783284032,2.57617998123169,0.21214,92.7
PAK,2018,1569.33814626355,6.15170261099519,27.6260570796337,15.34000015,67.8567658982797,2.33216949688293,,93.4
PAK,2019,1390.41690981745,2.49763692943365,28.9055769867032,17.070901719916,71.6660323753765,2.21492004394531,0.17475,93.9
PAK,2020,1278.39735206896,-1.27408744338709,26.7162807328814,18.935,74.7332166629945,2.05718240718423,,94.5
PAK,2021,1455.31922370186,6.51388575852702,27.0304204125548,,78.8012296805749,1.68746129213991,0.16431,94.9
PAK,2022,1538.3228133171,4.7781068690358,33.031353478032,,79.1050539061512,1.97300945756988,,95.0
PAK,2023,1360.32417758419,-0.414935997088406,28.4676925469837,,76.5397606213172,1.94658005237579,0.16399,95.6
PAK,2024,1478.77277977996,3.04898287335465,27.5784683520695,57.253,76.8544559649986,,,
PAN,2015,14082.6548434996,5.26691726402875,96.5791573893461,51.2054249948687,144.996925532224,3.26552009582519,0.10422,91.6
PAN,2016,14832.3611652459,4.57196696307969,84.3959718486228,54.0,127.61623852159,3.32278990745544,0.12829,92.4
PAN,2017,15694.6297518495,5.74405946988693,84.0475372059131,59.9506309038683,128.825871183278,3.37834000587463,0.13083,93.7
PAN,2018,16151.3273433486,3.9181980847881,86.1309615270001,61.8055313202468,137.297557979395,3.4524199962616,0.13355,93.8
PAN,2019,16477.9066268111,3.10306793272473,80.4286505707227,63.6284147731451,137.570004959029,3.28122011579173,0.13613,93.9
PAN,2020,13290.5608397749,-17.8212299459324,68.7004234799646,64.82430267,142.283080390407,4.30487012863159,0.23246,95.3
PAN,2021,15509.8069124139,16.4671248604202,80.1334636057057,66.04270172,147.899862038176,3.71198010444641,0.17691,95.3
PAN,2022,17378.6070017557,11.0385475261766,93.4752688168442,67.2838974,152.062171804817,3.37781000137329,0.18302,95.0
PAN,2023,18797.1933994045,7.16632946099945,88.3489105288611,68.54851592,156.586507591014,2.47225999832153,0.15803,97.0
PAN,2024,19161.2188501596,2.74788545546916,83.6737787798304,72.77149963,,,0.19708,
PER,2015,6231.71150338894,3.25224477218451,45.1627686891148,40.8526009090468,112.404818501786,3.96933007240295,0.11702,93.9
PER,2016,6217.03599995447,3.95331871520767,45.3888411964154,45.4617406869459,119.654538672257,3.81316995620727,0.12008,94.2
PER,2017,6736.16693725487,2.51883544233135,47.5135503619971,50.4504121848143,124.232520236388,3.93130993843079,0.12085,94.8
PER,2018,6978.49121548627,3.969351341365,48.631470171736,55.0543342443197,132.156626658621,3.71392011642456,0.12683,95.2
PER,2019,7037.00803692604,2.24063176875049,46.9435053754409,59.9505036049006,122.790350843591,3.822429895401,0.15696,95.6
PER,2020,6133.32552410183,-10.9333065010382,44.245967197744,65.25179796,119.854099046125,4.25937986373901,0.17229,96.2
PER,2021,6826.20255614477,13.3626240903125,55.427249365522,71.10782643,129.993736857913,3.92765998840332,0.13754,95.6
PER,2022,7350.63034300417,2.8090335533015,57.2969759649721,74.67495213,124.119322949561,3.83975005149841,0.16206,96.2
PER,2023,7887.54185920108,-0.403242151494268,50.7851842068664,79.48484477,121.975084691173,4.24538993835449,0.17611,96.2
PER,2024,8452.37167056621,3.30394098171516,51.4758878672647,81.95705992,124.623544414599,4.35778999328613,,
PHL,2015,2909.85818010301,6.34830971672761,59.1415921053094,36.90000153,111.893197374926,2.83052303785203,0.15683,89.1
PHL,2016,2985.19564024046,7.14945675000752,61.7760657653871,39.20000076,112.517998777897,3.30128109042443,,92.0
PHL,2017,3038.12124959289,6.9309883258402,68.1683697426727,41.59999847,110.962137119646,3.96384087403915,,93.0
PHL,2018,3168.51036609727,6.34148557153473,72.1633982990273,44.09999847,122.960456861544,3.85502760745456,0.32222,94.2
PHL,2019,3400.78949767074,6.11852566221303,68.8418422595678,43.0266118680279,151.006642923206,3.40748649142134,0.25926,95.3
PHL,2020,3227.57910235199,-9.51829474045297,58.1695603022281,53.76490021,133.45620905917,3.85829051308063,0.27625,96.4
PHL,2021,3484.38593882819,5.71473313185116,63.4846098136712,66.90779877,144.424289981649,3.87249754784633,,97.5
PHL,2022,3548.06930572116,7.58098212785563,72.4296836107599,75.21114422,147.428926406785,3.57960089528426,,94.8
PHL,2023,3804.08274131097,5.51894967862863,67.4199693173966,77.86699677,117.275521687262,3.6236863467978,,98.0
PHL,2024,3984.8315387656,5.69201612823412,65.8854725286968,67.26300914,115.298749599352,3.92501087473821,,
POL,2015,12637.5220324406,4.43176700264478,92.2554272741942,67.9969871556415,142.520207198425,4.78748989105225,0.99807,100.0
POL,2016,12464.0110508476,3.03117767594847,96.8659028060623,73.3007040962669,138.518696718641,4.62726020812988,0.9616,100.0
POL,2017,13913.3402919927,5.15245773325907,100.56589524628,75.9853659493832,131.901471911132,4.54246997833252,1.03055,100.0
POL,2018,15658.2120316794,6.2458584723942,102.442462168005,77.5417345350006,126.266191655563,4.55985021591187,1.19426,100.0
POL,2019,15874.5220531254,4.58045817256199,101.581033817373,80.4359068768673,126.597314882311,4.62736988067627,1.3088,100.0
POL,2020,16150.9304813473,-2.03556882399977,99.2590912303436,83.18488715,129.288487295019,4.80081987380981,1.37128,100.0
POL,2021,18635.5104895754,6.92718266052501,110.874283021945,85.37490906,132.987203939653,4.61998987197876,1.41558,100.0
POL,2022,18891.2121169279,5.25545697386036,123.021332860345,86.94113479,137.002148115476,4.31372976303101,1.44162,100.0
POL,2023,22145.2660647429,0.249610834017872,110.024935041815,86.414744,135.146301442691,,1.55525,100.0
POL,2024,25103.565661423,3.02841630700273,100.359442847164,88.58496367,138.016156588197,,,
PRT,2015,19215.7813014347,1.58979803702681,80.6346756266443,68.6328614804299,112.964237082806,4.89425992965698,1.24552,100.0
PRT,2016,19980.2808866516,2.00414129666575,79.5223464844001,70.423567088723,111.846790353179,,1.2815,100.0
PRT,2017,21442.3842768879,3.31472008175986,84.8077923069539,73.7912139515729,113.873619619075,5.02685022354126,1.32224,100.0
PRT,2018,23541.1401075289,2.94628343449202,86.7356954918399,74.6609681487507,114.858523480989,4.6793999671936,1.35078,100.0
PRT,2019,23343.3628970034,2.74568432648596,86.7709889083586,75.3463779408712,115.145564535894,4.6275200843811,1.39487,100.0
PRT,2020,22299.4044062173,-8.20463159324387,76.5086407209215,78.26166044,114.276382888841,4.86407995223999,1.60979,100.0
PRT,2021,24711.4510062111,5.55875672070374,85.8735452148975,82.30902804,119.768700781718,4.77341985702515,1.66711,100.0
PRT,2022,24620.5197587181,6.98584137580278,101.364146479435,84.49690644,122.80130896654,4.55160999298096,1.69051,100.0
PRT,2023,27634.6183139773,3.09997909018263,93.1358537072038,85.79012676,123.001507659381,,1.69491,100.0
PRT,2024,29292.242104753,2.13967177177636,89.696408854026,88.48704454,124.129981203404,,,
ROU,2015,8977.01748158196,3.1570360543854,83.5205767017155,55.7631556336233,116.350349219635,3.10693001747131,0.48796,98.8
ROU,2016,9404.54005870715,2.85993252302089,85.8925282906884,59.5039512852713,115.790771839543,3.0255401134491,0.48863,99.1
ROU,2017,10727.9822007426,8.19547826641261,87.1560645667801,63.7472821822484,113.76679260075,3.11819005012512,0.50693,100.0
ROU,2018,12416.134317959,5.39452228185675,87.0911701095809,70.6812779273268,115.492130982384,3.31710004806519,0.49698,99.8
ROU,2019,12909.6104013244,3.96028958497598,84.9063630584793,73.6574757545465,116.252345583749,3.55761003494263,0.47491,100.0
ROU,2020,13009.1770573223,-3.59802546034757,78.3616463562709,78.45526895,116.478206049988,3.57968997955322,0.46414,100.0
ROU,2021,14907.9803652143,5.58735072538869,87.0711965460145,83.5904265,119.123068432356,3.31562995910644,0.47108,100.0
ROU,2022,15503.551804598,4.18771305104109,93.9496509383447,85.50309124,121.14194294167,3.2788200378418,0.46274,100.0
ROU,2023,18244.4186876321,2.25773416555121,83.3753324062231,89.20335498,123.252482585042,,0.51656,100.0
ROU,2024,20080.2096215595,0.916003764382594,77.2149837939003,91.29048551,119.804862328273,,,
RUS,2015,9277.7138671875,-1.97271922580408,49.3593493116887,70.0992412263947,156.4185651494,3.83402991294861,1.10085,95.5
RUS,2016,8663.158203125,0.193690071260534,46.5181198396096,73.091434617897,157.173982310184,3.76044011116028,1.10238,99.4
RUS,2017,10658.9130859375,1.82579006401834,46.8765243371311,76.0081385339105,155.485765168167,4.68990993499756,1.10967,100.0
RUS,2018,11211.8876953125,2.80724541059601,51.5809003703964,80.8647218726954,156.682905991229,4.67819023132324,0.99001,100.0
RUS,2019,11447.701171875,2.19807571335009,49.2287536619033,82.6421618670668,163.646302441755,3.69561429198336,1.03531,99.8
RUS,2020,10108.3271484375,-2.65365450102773,45.9669082029127,84.99466978,163.101112466044,4.01641864383637,1.09099,99.9
RUS,2021,12425.029296875,5.86649177292595,50.5861954621752,88.21384578,169.07261384221,3.99480697864774,0.96602,100.0
RUS,2022,15619.6142578125,-1.43588213859842,42.7827864294811,90.41799163,168.475831268436,4.05402755323777,0.91494,100.0
RUS,2023,14159.3876953125,4.08252481259281,40.8343264105273,92.24496346,180.841776534047,4.16454853394225,0.93518,100.0
RUS,2024,14889.0185546875,4.34437475491529,39.5081647660396,94.36495368,186.103787309059,,0.93706,
SAU,2015,23256.1549553531,4.65512316652699,67.1052692300592,69.6162358014004,176.134029034522,,,100.0
SAU,2016,22267.7217050387,1.70404739202878,57.9216635110364,74.8792746891625,156.041476006361,,,99.9
SAU,2017,23929.2907135982,1.18210705878283,59.5319791578229,94.1755996113911,130.629718239662,,,100.0
SAU,2018,29360.0658968566,3.2269508901591,59.1029104697141,93.3100018480347,136.046169550913,,,99.9
SAU,2019,29566.7933827436,1.65158925617395,56.7938204886513,95.7247355953812,135.526154774497,,,100.0
SAU,2020,24338.8307301067,-3.80478901996312,47.533159225048,97.8623325,139.444194606554,,0.47618,100.0
SAU,2021,31920.7653655643,6.51959698325419,50.8839263398787,100.0,145.003757775499,,0.39379,100.0
SAU,2022,38510.2276211037,12.0005874752929,56.8241647749332,100.0,149.79788255308,,0.41439,100.0
SAU,2023,36156.848337701,0.542592439393161,54.1690118283683,100.0,157.775388696083,4.48087978363037,0.49487,100.0
SAU,2024,35121.6628687742,1.99650173436159,54.6787052668733,100.0,159.541370566589,,0.63522,
SGP,2015,55645.6068614606,2.97679931634806,329.471398940262,79.0129570025584,149.006215002154,2.99161870509909,2.17445,100.0
SGP,2016,57005.5887176547,3.74757848792792,302.839656046574,84.4522678893074,151.681717052742,2.94466258946576,2.06892,100.0
SGP,2017,61236.251270627,4.47689915845876,316.794409287568,84.4522678893074,149.567868255938,2.87916382421742,1.89683,100.0
SGP,2018,66881.6067035265,3.4519759658687,326.59658728675,88.1656360313447,152.07381696158,2.85314011573792,1.80836,100.0
SGP,2019,65952.0378959293,1.30804118153127,324.394985115301,88.9492526850762,159.347378272364,2.72783994674683,1.88845,100.0
SGP,2020,61410.0792630788,-3.81470885510713,332.040805481913,92.00434653,150.259334715266,2.69227004051208,2.15983,100.0
SGP,2021,80056.1288247844,9.7568044629903,329.161383683762,96.92468156,157.977675166643,2.82732009887695,1.93761,100.0
SGP,2022,90299.0694637269,4.10800021897151,332.34956775484,95.95386476,173.005291258141,2.47478008270264,1.80821,100.0
SGP,2023,85412.230345235,1.82140694115385,325.69322405378,94.28518987,173.199932977376,2.1037700176239,,100.0
SGP,2024,90674.066632628,4.38802362461865,322.371427934716,94.37757178,170.78256295407,2.19099857819757,,
SLV,2015,3790.34089108162,2.40000008852115,76.5602707370519,26.8026049600572,150.947947466847,3.90987992286682,0.14348,95.4
SLV,2016,3901.34014965811,2.53906241135864,72.8190933731491,28.99710083,155.419607147465,3.82523989677429,0.14493,96.0
SLV,2017,4020.12671373919,2.24761908134138,74.3046511916519,33.8207289048526,152.538724748062,3.7252299785614,0.18078,96.8
SLV,2018,4183.54620971358,2.4124442237792,75.6336168879956,43.79999924,151.668612868534,3.60575008392334,0.16531,97.0
SLV,2019,4320.11671534627,2.43747159065784,76.0420130991468,50.4911940673888,167.088631599992,3.38710999488831,0.17477,97.4
SLV,2020,3997.19279583709,-7.893101359867,66.4595069497083,54.60136976,159.575329772708,3.66088008880615,0.16299,99.7
SLV,2021,4642.60743101342,11.9047617015957,81.8450759800765,57.26380157,176.973446325336,3.57766008377075,0.16252,97.9
SLV,2022,5074.60210221806,2.95461516549889,88.7011093776867,60.05609894,183.248955984561,3.26848006248474,0.14333,100.0
SLV,2023,5365.44491399171,3.5391566928735,81.7147723425988,62.61989975,179.705636976149,3.18734002113342,0.10152,98.3
SLV,2024,5579.65969165029,2.60202016121069,84.6596461582312,66.47769928,176.517423814642,3.31666994094849,,
SVK,2015,16442.0760860018,5.17687909722133,179.42602289503,77.6346820339875,123.158867497202,4.56416988372803,1.15366,100.0
SVK,2016,16636.0769133073,1.94781841524558,182.757379596201,80.475857275668,128.792489910653,3.88375997543335,0.78513,100.0
SVK,2017,17645.5298716761,2.87473327453695,186.644687399549,81.6256675172655,130.944551759663,3.91876006126404,0.88153,100.0
SVK,2018,19573.3717031314,4.06211981896483,188.732964699496,80.4489224826099,133.040480361667,3.93534994125366,0.83184,100.0
SVK,2019,19406.0589683582,2.27589910019393,183.722608631236,82.8536605021784,135.755672834643,4.26779985427856,0.82138,100.0
SVK,2020,19735.4858280801,-2.58551241733207,167.534173320366,89.92090413,133.632904273198,4.720290184021,0.88944,100.0
SVK,2021,22123.3342114545,5.6558588065555,181.97948448512,88.92560523,135.268252737261,4.71766996383667,0.90093,100.0
SVK,2022,21317.7943982363,0.544591632137454,204.056318531151,89.06766196,136.029289645522,4.65688991546631,0.97686,100.0
SVK,2023,24614.8734642794,2.11263633214959,181.39087235645,87.2131343,138.232946210214,,1.03359,100.0
SVK,2024,25992.6748502048,1.93867445549446,171.212800151635,89.82507032,139.967676092657,,,
SVN,2015,20697.2748530619,2.39330621338168,147.218367714503,73.0986599745829,114.271192414174,4.95528984069824,2.21611,100.0
SVN,2016,21447.8377796036,3.03441486663654,148.238448080388,75.4985042610791,115.736307790972,4.84419012069702,2.02922,100.0
SVN,2017,23303.077705959,5.17440215579958,158.70213584467,78.8854263554775,118.461993493049,4.82381010055542,1.88219,100.0
SVN,2018,25888.0481065655,4.37908347331195,162.613493975851,79.7499765956562,119.153401263409,4.97948980331421,1.96365,100.0
SVN,2019,25814.1687167572,3.50525332381912,160.044275685249,83.1083578026717,120.568876746571,4.93479013442993,2.05725,100.0
SVN,2020,25392.0651093612,-4.08500094942896,147.549008584942,86.60130109,121.331428226248,5.41901016235352,2.15559,100.0
SVN,2021,29192.8401933019,8.41686457725321,161.788727511439,89.00399524,123.362924143622,5.39167022705078,2.13847,100.0
SVN,2022,28360.3041467268,2.66850555542486,186.647076274632,88.91248552,126.45918075971,5.28065013885498,2.1,100.0
SVN,2023,32660.4753581346,2.3758326648385,160.1596693009,90.37794678,129.227963043737,,2.13385,100.0
SVN,2024,34301.0318686594,1.73139722479493,155.657928684474,90.76355487,130.86090177123,,,
SWE,2015,51188.1652120493,4.38824673608589,84.1730765958171,90.6101966398616,128.974452830716,7.49442005157471,3.24088,100.0
SWE,2016,51703.5088332851,2.13117914731151,83.4519478574149,89.6509476102355,126.401633330915,7.63991022109985,3.25643,100.0
SWE,2017,53210.2233318965,1.88282184966646,86.0693088740521,93.0062669652127,124.472904877796,7.63849020004272,3.39374,100.0
SWE,2018,54018.4554391861,1.7702553546772,90.4087142361701,89.2469631588137,124.086284526267,7.69825983047485,3.34602,100.0
SWE,2019,51648.9892820514,2.60823012869524,92.7511390290561,94.4934434072202,125.456729050381,7.66307020187378,3.39847,100.0
SWE,2020,52568.5726980146,-1.93379704032216,84.4745958141618,94.53943122,123.548656971054,7.95333003997803,3.50181,100.0
SWE,2021,60647.5416365347,5.2258643028773,91.1102374413042,94.6703163,124.96149481991,7.60224008560181,3.41565,100.0
SWE,2022,54836.8907235124,1.25543620445816,107.111751826512,95.00970335,140.781664517726,7.31909990310669,3.47239,100.0
SWE,2023,54950.2834725622,-0.204061304891439,107.619709443974,95.70327461,140.265691285045,,3.59978,100.0
SWE,2024,57117.4877440616,0.820071806703865,105.883091480464,95.52930428,140.686673016562,,,
THA,2015,5688.85335397884,3.13404724911635,124.839662152526,39.3161267365004,145.932577028654,3.86397622727286,0.61609,99.6
THA,2016,5833.57715617098,3.43515771692182,120.57522728913,47.5049656215909,168.88127084564,3.76761756770937,0.77829,99.9
THA,2017,6413.09182530343,4.1776810321001,120.891427433638,52.8919293439676,170.783699598766,3.46532147640365,1.00165,99.9
THA,2018,7099.77650081458,4.22287028746071,120.841864730984,56.8174809301456,175.266001933225,3.19769395901619,1.11375,99.8
THA,2019,7605.69657797759,2.11455779628278,109.689514715166,66.6524194587528,181.221874232713,3.02221411183282,1.14317,99.9
THA,2020,6985.64393892574,-6.05003846851622,97.8007432465178,77.84374066,162.327737376294,3.15314171737183,1.32818,100.0
THA,2021,7057.20754802279,1.55216608426647,117.252944620852,85.26956666,168.485285358167,2.98212428478268,1.20822,100.0
THA,2022,6909.35281815827,2.58037874709827,132.858712082871,87.97724503,176.22279253783,2.61187022798634,1.15902,99.9
THA,2023,7195.10130919449,2.01775095328327,128.824114152375,89.53525238,168.642808295144,2.52122219628772,0.93628,100.0
THA,2024,7346.62022142185,2.54182067735289,136.747107022451,90.86718789,160.639312286761,,,
TUR,2015,11064.6494504662,5.80557386628684,51.8749252596832,53.7449791423583,92.0327105332494,4.30550003051758,0.96732,100.0
TUR,2016,10984.3643169061,3.32366508200445,48.870183807987,58.3477340145685,91.9286950751339,4.62773990631104,1.11979,100.0
TUR,2017,10756.3877677883,7.82585730002594,56.1356585158689,64.6846176835371,93.6407569517097,4.32369995117188,1.17632,100.0
TUR,2018,9684.11819884721,3.46815306092219,62.8251323851165,71.0427608433809,94.9085818111026,4.29729986190796,1.27093,100.0
TUR,2019,9395.23378001368,1.30162365464503,62.5784589326239,73.9767022871511,94.6498130829997,4.44776010513306,1.3196,100.0
TUR,2020,8798.11791709313,1.80306247087255,60.389853117297,77.6695605,95.3960853737199,4.03382015228271,1.36748,100.0
TUR,2021,9981.76398411336,11.811094450607,69.6088976086437,81.40843745,99.5415432248525,3.53787994384766,1.40209,100.0
TUR,2022,10897.8397861365,5.44122511322401,79.8982722314341,83.43716576,103.720593629066,3.09571003913879,1.32342,100.0
TUR,2023,13375.0947282864,5.04512369812289,65.6832084738667,85.96074155,105.684032912794,,1.42224,100.0
TUR,2024,15892.7157287241,3.3276230893799,54.5988061195916,87.3078767,107.826875714392,,,
URY,2015,17125.9016800298,0.370741257681345,45.3282408087534,64.5707870971624,153.368406394623,4.20636987686157,0.35109,99.7
URY,2016,17009.7584207276,1.68979822971775,48.4705583785623,66.40000153,151.414841550708,4.36420011520386,0.37391,99.7
URY,2017,19184.6502617082,1.74037643374211,46.3780042035515,70.3223543994698,150.440084782428,4.41787004470825,0.44052,99.8
URY,2018,19249.9404677501,0.164777608940113,47.7913104806475,80.7268428795854,131.363332934653,4.60361003875732,0.50484,99.8
URY,2019,18315.7316980028,0.928351141267498,49.7448341159636,83.3515337667548,133.236724531865,4.62834978103638,0.56805,99.9
URY,2020,15757.5355995779,-7.35732706484723,47.7318733182088,85.47100067,133.90170192835,4.55217981338501,0.67606,100.0
URY,2021,17881.818721099,5.84427312558179,58.3150410230338,87.64440155,138.112989243956,4.46211004257202,0.61467,100.0
URY,2022,20818.6146091144,4.48622703072073,61.0307951043821,89.87304314,139.828801269747,4.4795298576355,0.62206,100.0
URY,2023,23019.4221560046,0.742128785315927,52.910987066463,90.92590332,141.71948663565,4.76461982727051,0.70196,100.0
URY,2024,23906.5133029408,3.10825478066172,52.4649167856379,91.99109007,145.501755749445,,,
USA,2015,56572.9188996063,2.94555045484053,27.8235649187872,74.5542024462761,101.831958781319,4.93064022064209,2.77328,100.0
USA,2016,57638.1018367192,1.81945147788167,26.6079620604584,85.5444212887222,102.751864866695,4.78327989578247,2.83677,100.0
USA,2017,59635.0984397965,2.45762229852507,27.3130208877206,87.2748891687657,102.380562632686,5.09296989440918,2.88315,100.0
USA,2018,62499.8744390068,2.96650506901305,27.6103792720958,88.498903165152,103.935307364,4.89502000808716,2.98956,100.0
USA,2019,64746.4506778863,2.58382533412825,26.4537594940475,89.4302848575712,105.32074052965,4.95746994018555,3.14297,100.0
USA,2020,63515.9491807833,-2.16302914036166,23.4015629969394,90.34470367,103.855170008567,5.39530992507935,3.41788,100.0
USA,2021,70205.050916026,6.05505293244555,25.6095576621932,91.2684021,106.324514306135,5.42038011550903,3.4689,100.0
USA,2022,76657.2488844403,2.51237531986017,27.3139397355363,92.72850037,108.785640656159,,3.48736,100.0
USA,2023,81032.262117545,2.88755600749487,25.2903297883366,93.52559662,112.410910606372,,3.44716,100.0
USA,2024,84534.0407841548,2.79300127716779,25.3786342507088,94.69380188,113.190481805755,,,
VEN,2015,4103.1384987005,-6.22137102671199,60.288846101805,58.0,95.1577930404332,,,100.0
VEN,2016,3670.15737848208,-17.0403345996548,41.307217198655,60.0,89.713138519105,,,99.4
VEN,2017,3791.33160682077,-15.6714088720003,42.5829358408751,,80.1355411817503,,,99.2
VEN,2018,3422.65467014854,-19.6553415972227,54.6450667905599,,69.5499623049054,,,99.9
VEN,2019,2523.11275230667,-27.6579678662627,58.1292903256504,49.05009842,63.8474442929871,,,99.8
VEN,2020,1506.0436210041,-29.9985699155957,26.0912344958707,72.44110107,58.1625657953324,,,99.9
VEN,2021,2004.93397949792,0.955433428579269,29.2263400311727,74.11219788,60.2344883065715,,,100.0
VEN,2022,3155.04207099687,8.00091310654791,27.8982770650022,75.82180023,66.4667731210739,,,100.0
VEN,2023,3617.43594578269,4.00168591128376,28.0946077372131,76.33190155,70.2197325918151,,,100.0
VEN,2024,4217.59102643391,5.29999999999984,26.0811657596499,76.67890167,71.0075917225029,,,
VNM,2015,2577.56885340113,6.98715430598611,144.914228195237,45.0,129.627056599416,3.41660449674943,0.35629,99.3
VNM,2016,2735.0604380416,6.69000892660424,145.409507973118,53.0,128.297962650408,3.46906995773315,,99.2
VNM,2017,2956.10992127753,6.94019037359206,160.98008365887,58.1400000036297,126.097912313395,3.41865686539527,0.41895,100.0
VNM,2018,3222.31003125366,7.46500685572751,164.663936775893,69.8479286837965,146.137840768403,3.29537010192871,,100.0
VNM,2019,3440.90025375434,7.35926270105006,164.704215031408,68.6615802057338,140.192561828615,3.08499832693462,0.41652,99.4
VNM,2020,3534.03953482647,2.86541320912272,163.245862814935,70.30000012,141.655558720912,3.21652900152514,,99.8
VNM,2021,3704.1935590038,2.55372852648131,186.675832836814,74.20999985,136.806313165021,2.94517488804327,0.42494,100.0
VNM,2022,4147.69777213621,8.53750046755788,183.153619147836,78.58999918,137.852422819653,2.88738689372749,,100.0
VNM,2023,4323.35031982451,5.06502391455075,164.818071269894,78.08,130.991428667547,,0.41456,99.8
VNM,2024,4717.29028732449,7.09118746633975,173.862024782965,84.15,127.606471743496,,,
ZAF,2015,6112.27382485974,1.32186223678229,56.7266761447156,51.91910172,155.137526067883,5.48285007476807,0.73147,85.3
ZAF,2016,5651.20585165749,0.664552307858116,55.8612575048782,54.0,143.92861725374,5.4442400932312,0.74992,83.9
ZAF,2017,6618.33508255701,1.15794695181735,53.5359318293741,56.16740036,153.547950468153,5.59868001937866,0.76257,84.4
ZAF,2018,6914.1780318076,1.55678384721676,54.4855451276341,62.40000153,157.691905248121,5.64401006698608,0.68586,84.7
ZAF,2019,6533.71121032856,0.25993557687633,53.8979964081406,69.69689941,162.73854828041,5.91159009933472,0.61304,85.0
ZAF,2020,5580.60383075189,-6.1689177146757,50.7596590804177,72.1128006,158.447269436121,6.17067003250122,0.60296,90.0
ZAF,2021,6828.75624590017,4.85864865060148,56.1647136277546,74.96859741,163.12806305125,6.5551700592041,0.6139,89.3
ZAF,2022,6534.24867783397,2.05813661692193,64.94713440234,78.29319763,160.728511675754,6.15599012374878,0.61479,86.5
ZAF,2023,6034.27208964673,0.80610455095804,65.6798759740707,78.33670044,171.508619260428,6.12347984313965,,87.7
ZAF,2024,6267.186814093,0.534843531905139,61.646770473025,78.35759735,179.336329840585,6.02110004425049,,
