titulo,fonte,ano,data,url
IA e compliance: tribunais adotam algoritmos para auditoria de contratos públicos (100),Conjur,2024,25/8/2024,https://conjur.com.br/artigo/100
Tribunal de Contas alerta para riscos de viés em sistemas de scoring de fornecedores (101),Conjur,2024,5/11/2024,https://conjur.com.br/artigo/101
Lei de IA: o que muda para os órgãos públicos que usam algoritmos de decisão (102),Conjur,2025,7/7/2025,https://conjur.com.br/artigo/102
Mercado de tecnologia para governo cresce 25% com demanda por IA (103),Valor Econômico,2025,25/10/2025,https://valor econômico.com.br/artigo/103
Startups apostam em IA para compliance de contratos públicos (104),Valor Econômico,2024,27/1/2024,https://valor econômico.com.br/artigo/104
Auditoria algorítmica: tribunais de contas criamガイドライン (105),Jota,2025,18/6/2025,https://jota.com.br/artigo/105
Precatórios: algoritmo usado pelo STJ gera polêmica por suposto viés (106),Conjur,2023,27/9/2023,https://conjur.com.br/artigo/106
Contratos tech: tribunais discutem responsabilização por erros de IA (107),Conjur,2025,3/10/2025,https://conjur.com.br/artigo/107
Transparência algorítmica vira exigência legal para órgãos públicos (108),Conjur,2025,13/1/2025,https://conjur.com.br/artigo/108
Investimento em IA no setor público deve dobrar até 2026 (109),Valor Econômico,2025,21/6/2025,https://valor econômico.com.br/artigo/109
Empresas de IA para governo captam R$ 2 bi em rodada de investimentos (110),Valor Econômico,2024,6/8/2024,https://valor econômico.com.br/artigo/110
STF define critérios para uso de algoritmos em decisões administrativas (111),Jota,2025,4/8/2025,https://jota.com.br/artigo/111
Lei de IA: o que muda para os órgãos públicos que usam algoritmos de decisão (112),Conjur,2025,20/5/2025,https://conjur.com.br/artigo/112
Opacidade algorítmica: MP questiona uso de IA pelo TCU em licitações (113),Conjur,2024,18/1/2024,https://conjur.com.br/artigo/113
Governança de dados: tribunal adota modelo de explicabilidade para algoritmos (114),Conjur,2025,23/8/2025,https://conjur.com.br/artigo/114
BNDES lança fundo para empresas de IA voltadas ao setor público (115),Valor Econômico,2025,14/8/2025,https://valor econômico.com.br/artigo/115
Eficiência: algoritmos otimizam compras governamentais em estados (116),Valor Econômico,2024,18/4/2024,https://valor econômico.com.br/artigo/116
Tribunais adotam explicabilidade como padrão para algoritmos públicos (117),Jota,2025,20/3/2025,https://jota.com.br/artigo/117
Transparência algorítmica vira exigência legal para órgãos públicos (118),Conjur,2025,23/1/2025,https://conjur.com.br/artigo/118
TCU cria comitê para regular uso de inteligência artificial em auditorias (119),Conjur,2024,24/10/2024,https://conjur.com.br/artigo/119
IA e compliance: tribunais adotam algoritmos para auditoria de contratos públicos (120),Conjur,2024,21/4/2024,https://conjur.com.br/artigo/120
GovTechs veem oportunidades com digitalização de compras públicas (121),Valor Econômico,2025,23/9/2025,https://valor econômico.com.br/artigo/121
IA reduz em 40% tempo de análise de editais em prefeituras piloto (122),Valor Econômico,2024,15/9/2024,https://valor econômico.com.br/artigo/122
Pesquisa: 70% dos tribunais usam alguma forma de automação algorítmica (123),Jota,2025,20/3/2025,https://jota.com.br/artigo/123
Governança de dados: tribunal adota modelo de explicabilidade para algoritmos (124),Conjur,2025,8/7/2025,https://conjur.com.br/artigo/124
"Compras públicas: IA ajuda a detectar anomalias em editais, aponta estudo (125)",Conjur,2024,14/2/2024,https://conjur.com.br/artigo/125
Precatórios: algoritmo usado pelo STJ gera polêmica por suposto viés (126),Conjur,2023,16/4/2023,https://conjur.com.br/artigo/126
Governo digital: IA ajuda a identificar fornecedores em situação irregular (127),Valor Econômico,2025,18/3/2025,https://valor econômico.com.br/artigo/127
Economia: uso de IA em licitações pode gerar savings de R$ 8 bi (128),Valor Econômico,2024,13/12/2024,https://valor econômico.com.br/artigo/128
Decisões algorítmicas: Suprema Corte dos EUA inspira tribunais brasileiros (129),Jota,2025,21/4/2025,https://jota.com.br/artigo/129
IA e compliance: tribunais adotam algoritmos para auditoria de contratos públicos (130),Conjur,2024,13/7/2024,https://conjur.com.br/artigo/130
Tribunal de Contas alerta para riscos de viés em sistemas de scoring de fornecedores (131),Conjur,2024,12/9/2024,https://conjur.com.br/artigo/131
Lei de IA: o que muda para os órgãos públicos que usam algoritmos de decisão (132),Conjur,2025,23/8/2025,https://conjur.com.br/artigo/132
Mercado de tecnologia para governo cresce 25% com demanda por IA (133),Valor Econômico,2025,24/8/2025,https://valor econômico.com.br/artigo/133
Startups apostam em IA para compliance de contratos públicos (134),Valor Econômico,2024,1/9/2024,https://valor econômico.com.br/artigo/134
Auditoria algorítmica: tribunais de contas criamガイドライン (135),Jota,2025,19/10/2025,https://jota.com.br/artigo/135
Precatórios: algoritmo usado pelo STJ gera polêmica por suposto viés (136),Conjur,2023,9/1/2023,https://conjur.com.br/artigo/136
Contratos tech: tribunais discutem responsabilização por erros de IA (137),Conjur,2025,6/3/2025,https://conjur.com.br/artigo/137
Transparência algorítmica vira exigência legal para órgãos públicos (138),Conjur,2025,13/10/2025,https://conjur.com.br/artigo/138
Investimento em IA no setor público deve dobrar até 2026 (139),Valor Econômico,2025,4/8/2025,https://valor econômico.com.br/artigo/139
Empresas de IA para governo captam R$ 2 bi em rodada de investimentos (140),Valor Econômico,2024,19/7/2024,https://valor econômico.com.br/artigo/140
STF define critérios para uso de algoritmos em decisões administrativas (141),Jota,2025,11/9/2025,https://jota.com.br/artigo/141
Lei de IA: o que muda para os órgãos públicos que usam algoritmos de decisão (142),Conjur,2025,11/9/2025,https://conjur.com.br/artigo/142
Opacidade algorítmica: MP questiona uso de IA pelo TCU em licitações (143),Conjur,2024,13/8/2024,https://conjur.com.br/artigo/143
Governança de dados: tribunal adota modelo de explicabilidade para algoritmos (144),Conjur,2025,1/8/2025,https://conjur.com.br/artigo/144
BNDES lança fundo para empresas de IA voltadas ao setor público (145),Valor Econômico,2025,7/2/2025,https://valor econômico.com.br/artigo/145
Eficiência: algoritmos otimizam compras governamentais em estados (146),Valor Econômico,2024,4/4/2024,https://valor econômico.com.br/artigo/146
Tribunais adotam explicabilidade como padrão para algoritmos públicos (147),Jota,2025,19/2/2025,https://jota.com.br/artigo/147
Transparência algorítmica vira exigência legal para órgãos públicos (148),Conjur,2025,25/9/2025,https://conjur.com.br/artigo/148
TCU cria comitê para regular uso de inteligência artificial em auditorias (149),Conjur,2024,13/3/2024,https://conjur.com.br/artigo/149
IA e compliance: tribunais adotam algoritmos para auditoria de contratos públicos (150),Conjur,2024,26/8/2024,https://conjur.com.br/artigo/150
GovTechs veem oportunidades com digitalização de compras públicas (151),Valor Econômico,2025,28/1/2025,https://valor econômico.com.br/artigo/151
IA reduz em 40% tempo de análise de editais em prefeituras piloto (152),Valor Econômico,2024,17/4/2024,https://valor econômico.com.br/artigo/152
Pesquisa: 70% dos tribunais usam alguma forma de automação algorítmica (153),Jota,2025,21/8/2025,https://jota.com.br/artigo/153
Governança de dados: tribunal adota modelo de explicabilidade para algoritmos (154),Conjur,2025,11/12/2025,https://conjur.com.br/artigo/154
"Compras públicas: IA ajuda a detectar anomalias em editais, aponta estudo (155)",Conjur,2024,14/1/2024,https://conjur.com.br/artigo/155
Precatórios: algoritmo usado pelo STJ gera polêmica por suposto viés (156),Conjur,2023,14/6/2023,https://conjur.com.br/artigo/156
Governo digital: IA ajuda a identificar fornecedores em situação irregular (157),Valor Econômico,2025,14/1/2025,https://valor econômico.com.br/artigo/157
Economia: uso de IA em licitações pode gerar savings de R$ 8 bi (158),Valor Econômico,2024,23/8/2024,https://valor econômico.com.br/artigo/158
Decisões algorítmicas: Suprema Corte dos EUA inspira tribunais brasileiros (159),Jota,2025,13/1/2025,https://jota.com.br/artigo/159
IA e compliance: tribunais adotam algoritmos para auditoria de contratos públicos (160),Conjur,2024,1/2/2024,https://conjur.com.br/artigo/160
Tribunal de Contas alerta para riscos de viés em sistemas de scoring de fornecedores (161),Conjur,2024,18/3/2024,https://conjur.com.br/artigo/161
Lei de IA: o que muda para os órgãos públicos que usam algoritmos de decisão (162),Conjur,2025,5/2/2025,https://conjur.com.br/artigo/162
Mercado de tecnologia para governo cresce 25% com demanda por IA (163),Valor Econômico,2025,27/2/2025,https://valor econômico.com.br/artigo/163
Startups apostam em IA para compliance de contratos públicos (164),Valor Econômico,2024,11/12/2024,https://valor econômico.com.br/artigo/164
Auditoria algorítmica: tribunais de contas criamガイドライン (165),Jota,2025,23/10/2025,https://jota.com.br/artigo/165
Precatórios: algoritmo usado pelo STJ gera polêmica por suposto viés (166),Conjur,2023,27/6/2023,https://conjur.com.br/artigo/166
Contratos tech: tribunais discutem responsabilização por erros de IA (167),Conjur,2025,1/8/2025,https://conjur.com.br/artigo/167
Transparência algorítmica vira exigência legal para órgãos públicos (168),Conjur,2025,2/4/2025,https://conjur.com.br/artigo/168
Investimento em IA no setor público deve dobrar até 2026 (169),Valor Econômico,2025,14/5/2025,https://valor econômico.com.br/artigo/169
Empresas de IA para governo captam R$ 2 bi em rodada de investimentos (170),Valor Econômico,2024,28/3/2024,https://valor econômico.com.br/artigo/170
STF define critérios para uso de algoritmos em decisões administrativas (171),Jota,2025,10/2/2025,https://jota.com.br/artigo/171
Lei de IA: o que muda para os órgãos públicos que usam algoritmos de decisão (172),Conjur,2025,26/10/2025,https://conjur.com.br/artigo/172
Opacidade algorítmica: MP questiona uso de IA pelo TCU em licitações (173),Conjur,2024,9/6/2024,https://conjur.com.br/artigo/173
Governança de dados: tribunal adota modelo de explicabilidade para algoritmos (174),Conjur,2025,4/12/2025,https://conjur.com.br/artigo/174
BNDES lança fundo para empresas de IA voltadas ao setor público (175),Valor Econômico,2025,15/7/2025,https://valor econômico.com.br/artigo/175
Eficiência: algoritmos otimizam compras governamentais em estados (176),Valor Econômico,2024,6/1/2024,https://valor econômico.com.br/artigo/176
Tribunais adotam explicabilidade como padrão para algoritmos públicos (177),Jota,2025,11/12/2025,https://jota.com.br/artigo/177
Transparência algorítmica vira exigência legal para órgãos públicos (178),Conjur,2025,16/5/2025,https://conjur.com.br/artigo/178
TCU cria comitê para regular uso de inteligência artificial em auditorias (179),Conjur,2024,10/5/2024,https://conjur.com.br/artigo/179
IA e compliance: tribunais adotam algoritmos para auditoria de contratos públicos (180),Conjur,2024,2/6/2024,https://conjur.com.br/artigo/180
GovTechs veem oportunidades com digitalização de compras públicas (181),Valor Econômico,2025,23/8/2025,https://valor econômico.com.br/artigo/181
IA reduz em 40% tempo de análise de editais em prefeituras piloto (182),Valor Econômico,2024,13/8/2024,https://valor econômico.com.br/artigo/182
Pesquisa: 70% dos tribunais usam alguma forma de automação algorítmica (183),Jota,2025,8/7/2025,https://jota.com.br/artigo/183
Governança de dados: tribunal adota modelo de explicabilidade para algoritmos (184),Conjur,2025,23/4/2025,https://conjur.com.br/artigo/184
"Compras públicas: IA ajuda a detectar anomalias em editais, aponta estudo (185)",Conjur,2024,19/6/2024,https://conjur.com.br/artigo/185
Precatórios: algoritmo usado pelo STJ gera polêmica por suposto viés (186),Conjur,2023,16/6/2023,https://conjur.com.br/artigo/186
Governo digital: IA ajuda a identificar fornecedores em situação irregular (187),Valor Econômico,2025,17/4/2025,https://valor econômico.com.br/artigo/187
Economia: uso de IA em licitações pode gerar savings de R$ 8 bi (188),Valor Econômico,2024,21/10/2024,https://valor econômico.com.br/artigo/188
Decisões algorítmicas: Suprema Corte dos EUA inspira tribunais brasileiros (189),Jota,2025,11/11/2025,https://jota.com.br/artigo/189
IA e compliance: tribunais adotam algoritmos para auditoria de contratos públicos (190),Conjur,2024,22/4/2024,https://conjur.com.br/artigo/190
Tribunal de Contas alerta para riscos de viés em sistemas de scoring de fornecedores (191),Conjur,2024,26/4/2024,https://conjur.com.br/artigo/191
Lei de IA: o que muda para os órgãos públicos que usam algoritmos de decisão (192),Conjur,2025,11/7/2025,https://conjur.com.br/artigo/192
Mercado de tecnologia para governo cresce 25% com demanda por IA (193),Valor Econômico,2025,18/9/2025,https://valor econômico.com.br/artigo/193
Startups apostam em IA para compliance de contratos públicos (194),Valor Econômico,2024,26/10/2024,https://valor econômico.com.br/artigo/194
Auditoria algorítmica: tribunais de contas criamガイドライン (195),Jota,2025,7/5/2025,https://jota.com.br/artigo/195
Precatórios: algoritmo usado pelo STJ gera polêmica por suposto viés (196),Conjur,2023,3/11/2023,https://conjur.com.br/artigo/196
Contratos tech: tribunais discutem responsabilização por erros de IA (197),Conjur,2025,5/5/2025,https://conjur.com.br/artigo/197
Transparência algorítmica vira exigência legal para órgãos públicos (198),Conjur,2025,25/12/2025,https://conjur.com.br/artigo/198
Investimento em IA no setor público deve dobrar até 2026 (199),Valor Econômico,2025,3/2/2025,https://valor econômico.com.br/artigo/199
Empresas de IA para governo captam R$ 2 bi em rodada de investimentos (200),Valor Econômico,2024,20/11/2024,https://valor econômico.com.br/artigo/200
STF define critérios para uso de algoritmos em decisões administrativas (201),Jota,2025,22/6/2025,https://jota.com.br/artigo/201
Lei de IA: o que muda para os órgãos públicos que usam algoritmos de decisão (202),Conjur,2025,18/7/2025,https://conjur.com.br/artigo/202
Opacidade algorítmica: MP questiona uso de IA pelo TCU em licitações (203),Conjur,2024,8/1/2024,https://conjur.com.br/artigo/203
Governança de dados: tribunal adota modelo de explicabilidade para algoritmos (204),Conjur,2025,23/7/2025,https://conjur.com.br/artigo/204
BNDES lança fundo para empresas de IA voltadas ao setor público (205),Valor Econômico,2025,26/10/2025,https://valor econômico.com.br/artigo/205
Eficiência: algoritmos otimizam compras governamentais em estados (206),Valor Econômico,2024,10/4/2024,https://valor econômico.com.br/artigo/206
Tribunais adotam explicabilidade como padrão para algoritmos públicos (207),Jota,2025,1/12/2025,https://jota.com.br/artigo/207
Transparência algorítmica vira exigência legal para órgãos públicos (208),Conjur,2025,24/12/2025,https://conjur.com.br/artigo/208
TCU cria comitê para regular uso de inteligência artificial em auditorias (209),Conjur,2024,1/8/2024,https://conjur.com.br/artigo/209
IA e compliance: tribunais adotam algoritmos para auditoria de contratos públicos (210),Conjur,2024,4/10/2024,https://conjur.com.br/artigo/210
GovTechs veem oportunidades com digitalização de compras públicas (211),Valor Econômico,2025,10/2/2025,https://valor econômico.com.br/artigo/211
IA reduz em 40% tempo de análise de editais em prefeituras piloto (212),Valor Econômico,2024,5/3/2024,https://valor econômico.com.br/artigo/212
Pesquisa: 70% dos tribunais usam alguma forma de automação algorítmica (213),Jota,2025,26/3/2025,https://jota.com.br/artigo/213
Governança de dados: tribunal adota modelo de explicabilidade para algoritmos (214),Conjur,2025,27/1/2025,https://conjur.com.br/artigo/214
"Compras públicas: IA ajuda a detectar anomalias em editais, aponta estudo (215)",Conjur,2024,26/1/2024,https://conjur.com.br/artigo/215
Precatórios: algoritmo usado pelo STJ gera polêmica por suposto viés (216),Conjur,2023,26/2/2023,https://conjur.com.br/artigo/216
Governo digital: IA ajuda a identificar fornecedores em situação irregular (217),Valor Econômico,2025,2/2/2025,https://valor econômico.com.br/artigo/217
Economia: uso de IA em licitações pode gerar savings de R$ 8 bi (218),Valor Econômico,2024,19/11/2024,https://valor econômico.com.br/artigo/218
Decisões algorítmicas: Suprema Corte dos EUA inspira tribunais brasileiros (219),Jota,2025,3/7/2025,https://jota.com.br/artigo/219
IA e compliance: tribunais adotam algoritmos para auditoria de contratos públicos (220),Conjur,2024,8/8/2024,https://conjur.com.br/artigo/220
Tribunal de Contas alerta para riscos de viés em sistemas de scoring de fornecedores (221),Conjur,2024,9/4/2024,https://conjur.com.br/artigo/221
Lei de IA: o que muda para os órgãos públicos que usam algoritmos de decisão (222),Conjur,2025,15/9/2025,https://conjur.com.br/artigo/222
Mercado de tecnologia para governo cresce 25% com demanda por IA (223),Valor Econômico,2025,3/7/2025,https://valor econômico.com.br/artigo/223
Startups apostam em IA para compliance de contratos públicos (224),Valor Econômico,2024,10/9/2024,https://valor econômico.com.br/artigo/224
Auditoria algorítmica: tribunais de contas criamガイドライン (225),Jota,2025,20/6/2025,https://jota.com.br/artigo/225
Precatórios: algoritmo usado pelo STJ gera polêmica por suposto viés (226),Conjur,2023,1/12/2023,https://conjur.com.br/artigo/226
Contratos tech: tribunais discutem responsabilização por erros de IA (227),Conjur,2025,20/5/2025,https://conjur.com.br/artigo/227
Transparência algorítmica vira exigência legal para órgãos públicos (228),Conjur,2025,21/5/2025,https://conjur.com.br/artigo/228
Investimento em IA no setor público deve dobrar até 2026 (229),Valor Econômico,2025,5/8/2025,https://valor econômico.com.br/artigo/229
Empresas de IA para governo captam R$ 2 bi em rodada de investimentos (230),Valor Econômico,2024,5/11/2024,https://valor econômico.com.br/artigo/230
STF define critérios para uso de algoritmos em decisões administrativas (231),Jota,2025,11/6/2025,https://jota.com.br/artigo/231
Lei de IA: o que muda para os órgãos públicos que usam algoritmos de decisão (232),Conjur,2025,25/6/2025,https://conjur.com.br/artigo/232
Opacidade algorítmica: MP questiona uso de IA pelo TCU em licitações (233),Conjur,2024,28/12/2024,https://conjur.com.br/artigo/233
Governança de dados: tribunal adota modelo de explicabilidade para algoritmos (234),Conjur,2025,5/5/2025,https://conjur.com.br/artigo/234
BNDES lança fundo para empresas de IA voltadas ao setor público (235),Valor Econômico,2025,21/10/2025,https://valor econômico.com.br/artigo/235
Eficiência: algoritmos otimizam compras governamentais em estados (236),Valor Econômico,2024,20/1/2024,https://valor econômico.com.br/artigo/236
Tribunais adotam explicabilidade como padrão para algoritmos públicos (237),Jota,2025,2/7/2025,https://jota.com.br/artigo/237
Transparência algorítmica vira exigência legal para órgãos públicos (238),Conjur,2025,16/10/2025,https://conjur.com.br/artigo/238
TCU cria comitê para regular uso de inteligência artificial em auditorias (239),Conjur,2024,22/6/2024,https://conjur.com.br/artigo/239
IA e compliance: tribunais adotam algoritmos para auditoria de contratos públicos (240),Conjur,2024,9/12/2024,https://conjur.com.br/artigo/240
GovTechs veem oportunidades com digitalização de compras públicas (241),Valor Econômico,2025,20/9/2025,https://valor econômico.com.br/artigo/241
IA reduz em 40% tempo de análise de editais em prefeituras piloto (242),Valor Econômico,2024,24/11/2024,https://valor econômico.com.br/artigo/242
Pesquisa: 70% dos tribunais usam alguma forma de automação algorítmica (243),Jota,2025,5/1/2025,https://jota.com.br/artigo/243
Governança de dados: tribunal adota modelo de explicabilidade para algoritmos (244),Conjur,2025,21/5/2025,https://conjur.com.br/artigo/244
"Compras públicas: IA ajuda a detectar anomalias em editais, aponta estudo (245)",Conjur,2024,20/9/2024,https://conjur.com.br/artigo/245
Precatórios: algoritmo usado pelo STJ gera polêmica por suposto viés (246),Conjur,2023,28/11/2023,https://conjur.com.br/artigo/246
Governo digital: IA ajuda a identificar fornecedores em situação irregular (247),Valor Econômico,2025,17/4/2025,https://valor econômico.com.br/artigo/247
Economia: uso de IA em licitações pode gerar savings de R$ 8 bi (248),Valor Econômico,2024,26/7/2024,https://valor econômico.com.br/artigo/248
Decisões algorítmicas: Suprema Corte dos EUA inspira tribunais brasileiros (249),Jota,2025,2/10/2025,https://jota.com.br/artigo/249
IA e compliance: tribunais adotam algoritmos para auditoria de contratos públicos (250),Conjur,2024,5/6/2024,https://conjur.com.br/artigo/250
Tribunal de Contas alerta para riscos de viés em sistemas de scoring de fornecedores (251),Conjur,2024,9/3/2024,https://conjur.com.br/artigo/251
Lei de IA: o que muda para os órgãos públicos que usam algoritmos de decisão (252),Conjur,2025,14/11/2025,https://conjur.com.br/artigo/252
Mercado de tecnologia para governo cresce 25% com demanda por IA (253),Valor Econômico,2025,1/12/2025,https://valor econômico.com.br/artigo/253
Startups apostam em IA para compliance de contratos públicos (254),Valor Econômico,2024,9/11/2024,https://valor econômico.com.br/artigo/254
Auditoria algorítmica: tribunais de contas criamガイドライン (255),Jota,2025,23/1/2025,https://jota.com.br/artigo/255
Precatórios: algoritmo usado pelo STJ gera polêmica por suposto viés (256),Conjur,2023,6/12/2023,https://conjur.com.br/artigo/256
Contratos tech: tribunais discutem responsabilização por erros de IA (257),Conjur,2025,21/10/2025,https://conjur.com.br/artigo/257
Transparência algorítmica vira exigência legal para órgãos públicos (258),Conjur,2025,5/2/2025,https://conjur.com.br/artigo/258
Investimento em IA no setor público deve dobrar até 2026 (259),Valor Econômico,2025,4/9/2025,https://valor econômico.com.br/artigo/259
Empresas de IA para governo captam R$ 2 bi em rodada de investimentos (260),Valor Econômico,2024,10/9/2024,https://valor econômico.com.br/artigo/260
STF define critérios para uso de algoritmos em decisões administrativas (261),Jota,2025,23/6/2025,https://jota.com.br/artigo/261
Lei de IA: o que muda para os órgãos públicos que usam algoritmos de decisão (262),Conjur,2025,21/6/2025,https://conjur.com.br/artigo/262
Opacidade algorítmica: MP questiona uso de IA pelo TCU em licitações (263),Conjur,2024,26/6/2024,https://conjur.com.br/artigo/263
Governança de dados: tribunal adota modelo de explicabilidade para algoritmos (264),Conjur,2025,16/8/2025,https://conjur.com.br/artigo/264
BNDES lança fundo para empresas de IA voltadas ao setor público (265),Valor Econômico,2025,9/7/2025,https://valor econômico.com.br/artigo/265
Eficiência: algoritmos otimizam compras governamentais em estados (266),Valor Econômico,2024,3/4/2024,https://valor econômico.com.br/artigo/266
Tribunais adotam explicabilidade como padrão para algoritmos públicos (267),Jota,2025,18/5/2025,https://jota.com.br/artigo/267
Transparência algorítmica vira exigência legal para órgãos públicos (268),Conjur,2025,23/5/2025,https://conjur.com.br/artigo/268
TCU cria comitê para regular uso de inteligência artificial em auditorias (269),Conjur,2024,27/7/2024,https://conjur.com.br/artigo/269
IA e compliance: tribunais adotam algoritmos para auditoria de contratos públicos (270),Conjur,2024,7/6/2024,https://conjur.com.br/artigo/270
GovTechs veem oportunidades com digitalização de compras públicas (271),Valor Econômico,2025,12/3/2025,https://valor econômico.com.br/artigo/271
IA reduz em 40% tempo de análise de editais em prefeituras piloto (272),Valor Econômico,2024,27/3/2024,https://valor econômico.com.br/artigo/272
Pesquisa: 70% dos tribunais usam alguma forma de automação algorítmica (273),Jota,2025,28/10/2025,https://jota.com.br/artigo/273
Governança de dados: tribunal adota modelo de explicabilidade para algoritmos (274),Conjur,2025,6/5/2025,https://conjur.com.br/artigo/274
"Compras públicas: IA ajuda a detectar anomalias em editais, aponta estudo (275)",Conjur,2024,14/5/2024,https://conjur.com.br/artigo/275
Precatórios: algoritmo usado pelo STJ gera polêmica por suposto viés (276),Conjur,2023,1/3/2023,https://conjur.com.br/artigo/276
Governo digital: IA ajuda a identificar fornecedores em situação irregular (277),Valor Econômico,2025,25/10/2025,https://valor econômico.com.br/artigo/277
Economia: uso de IA em licitações pode gerar savings de R$ 8 bi (278),Valor Econômico,2024,12/11/2024,https://valor econômico.com.br/artigo/278
Decisões algorítmicas: Suprema Corte dos EUA inspira tribunais brasileiros (279),Jota,2025,23/10/2025,https://jota.com.br/artigo/279
IA e compliance: tribunais adotam algoritmos para auditoria de contratos públicos (280),Conjur,2024,3/12/2024,https://conjur.com.br/artigo/280
Tribunal de Contas alerta para riscos de viés em sistemas de scoring de fornecedores (281),Conjur,2024,9/5/2024,https://conjur.com.br/artigo/281
Lei de IA: o que muda para os órgãos públicos que usam algoritmos de decisão (282),Conjur,2025,11/11/2025,https://conjur.com.br/artigo/282
Mercado de tecnologia para governo cresce 25% com demanda por IA (283),Valor Econômico,2025,21/12/2025,https://valor econômico.com.br/artigo/283
Startups apostam em IA para compliance de contratos públicos (284),Valor Econômico,2024,25/6/2024,https://valor econômico.com.br/artigo/284
Auditoria algorítmica: tribunais de contas criamガイドライン (285),Jota,2025,24/9/2025,https://jota.com.br/artigo/285
Precatórios: algoritmo usado pelo STJ gera polêmica por suposto viés (286),Conjur,2023,12/6/2023,https://conjur.com.br/artigo/286
Contratos tech: tribunais discutem responsabilização por erros de IA (287),Conjur,2025,2/2/2025,https://conjur.com.br/artigo/287
Transparência algorítmica vira exigência legal para órgãos públicos (288),Conjur,2025,14/6/2025,https://conjur.com.br/artigo/288
Investimento em IA no setor público deve dobrar até 2026 (289),Valor Econômico,2025,1/12/2025,https://valor econômico.com.br/artigo/289
Empresas de IA para governo captam R$ 2 bi em rodada de investimentos (290),Valor Econômico,2024,3/12/2024,https://valor econômico.com.br/artigo/290
STF define critérios para uso de algoritmos em decisões administrativas (291),Jota,2025,24/3/2025,https://jota.com.br/artigo/291
Lei de IA: o que muda para os órgãos públicos que usam algoritmos de decisão (292),Conjur,2025,20/12/2025,https://conjur.com.br/artigo/292
Opacidade algorítmica: MP questiona uso de IA pelo TCU em licitações (293),Conjur,2024,19/8/2024,https://conjur.com.br/artigo/293
Governança de dados: tribunal adota modelo de explicabilidade para algoritmos (294),Conjur,2025,1/6/2025,https://conjur.com.br/artigo/294
BNDES lança fundo para empresas de IA voltadas ao setor público (295),Valor Econômico,2025,27/3/2025,https://valor econômico.com.br/artigo/295
Eficiência: algoritmos otimizam compras governamentais em estados (296),Valor Econômico,2024,13/9/2024,https://valor econômico.com.br/artigo/296
Tribunais adotam explicabilidade como padrão para algoritmos públicos (297),Jota,2025,17/8/2025,https://jota.com.br/artigo/297
Transparência algorítmica vira exigência legal para órgãos públicos (298),Conjur,2025,6/6/2025,https://conjur.com.br/artigo/298
TCU cria comitê para regular uso de inteligência artificial em auditorias (299),Conjur,2024,24/3/2024,https://conjur.com.br/artigo/299
IA e compliance: tribunais adotam algoritmos para auditoria de contratos públicos (300),Conjur,2024,25/6/2024,https://conjur.com.br/artigo/300
GovTechs veem oportunidades com digitalização de compras públicas (301),Valor Econômico,2025,28/6/2025,https://valor econômico.com.br/artigo/301
IA reduz em 40% tempo de análise de editais em prefeituras piloto (302),Valor Econômico,2024,2/11/2024,https://valor econômico.com.br/artigo/302
Pesquisa: 70% dos tribunais usam alguma forma de automação algorítmica (303),Jota,2025,24/7/2025,https://jota.com.br/artigo/303
Governança de dados: tribunal adota modelo de explicabilidade para algoritmos (304),Conjur,2025,16/5/2025,https://conjur.com.br/artigo/304
"Compras públicas: IA ajuda a detectar anomalias em editais, aponta estudo (305)",Conjur,2024,10/8/2024,https://conjur.com.br/artigo/305
Precatórios: algoritmo usado pelo STJ gera polêmica por suposto viés (306),Conjur,2023,4/5/2023,https://conjur.com.br/artigo/306
Governo digital: IA ajuda a identificar fornecedores em situação irregular (307),Valor Econômico,2025,13/2/2025,https://valor econômico.com.br/artigo/307
Economia: uso de IA em licitações pode gerar savings de R$ 8 bi (308),Valor Econômico,2024,2/11/2024,https://valor econômico.com.br/artigo/308
Decisões algorítmicas: Suprema Corte dos EUA inspira tribunais brasileiros (309),Jota,2025,24/10/2025,https://jota.com.br/artigo/309
IA e compliance: tribunais adotam algoritmos para auditoria de contratos públicos (310),Conjur,2024,4/10/2024,https://conjur.com.br/artigo/310
Tribunal de Contas alerta para riscos de viés em sistemas de scoring de fornecedores (311),Conjur,2024,27/3/2024,https://conjur.com.br/artigo/311
Lei de IA: o que muda para os órgãos públicos que usam algoritmos de decisão (312),Conjur,2025,26/11/2025,https://conjur.com.br/artigo/312
Mercado de tecnologia para governo cresce 25% com demanda por IA (313),Valor Econômico,2025,9/1/2025,https://valor econômico.com.br/artigo/313
Startups apostam em IA para compliance de contratos públicos (314),Valor Econômico,2024,15/11/2024,https://valor econômico.com.br/artigo/314
Auditoria algorítmica: tribunais de contas criamガイドライン (315),Jota,2025,11/3/2025,https://jota.com.br/artigo/315
Precatórios: algoritmo usado pelo STJ gera polêmica por suposto viés (316),Conjur,2023,8/11/2023,https://conjur.com.br/artigo/316
Contratos tech: tribunais discutem responsabilização por erros de IA (317),Conjur,2025,8/11/2025,https://conjur.com.br/artigo/317
Transparência algorítmica vira exigência legal para órgãos públicos (318),Conjur,2025,2/4/2025,https://conjur.com.br/artigo/318
Investimento em IA no setor público deve dobrar até 2026 (319),Valor Econômico,2025,24/12/2025,https://valor econômico.com.br/artigo/319
Empresas de IA para governo captam R$ 2 bi em rodada de investimentos (320),Valor Econômico,2024,7/2/2024,https://valor econômico.com.br/artigo/320
STF define critérios para uso de algoritmos em decisões administrativas (321),Jota,2025,2/2/2025,https://jota.com.br/artigo/321
Lei de IA: o que muda para os órgãos públicos que usam algoritmos de decisão (322),Conjur,2025,20/3/2025,https://conjur.com.br/artigo/322
Opacidade algorítmica: MP questiona uso de IA pelo TCU em licitações (323),Conjur,2024,26/6/2024,https://conjur.com.br/artigo/323
Governança de dados: tribunal adota modelo de explicabilidade para algoritmos (324),Conjur,2025,15/12/2025,https://conjur.com.br/artigo/324
BNDES lança fundo para empresas de IA voltadas ao setor público (325),Valor Econômico,2025,24/11/2025,https://valor econômico.com.br/artigo/325
Eficiência: algoritmos otimizam compras governamentais em estados (326),Valor Econômico,2024,18/3/2024,https://valor econômico.com.br/artigo/326
Tribunais adotam explicabilidade como padrão para algoritmos públicos (327),Jota,2025,9/9/2025,https://jota.com.br/artigo/327
Transparência algorítmica vira exigência legal para órgãos públicos (328),Conjur,2025,25/11/2025,https://conjur.com.br/artigo/328
TCU cria comitê para regular uso de inteligência artificial em auditorias (329),Conjur,2024,1/4/2024,https://conjur.com.br/artigo/329
IA e compliance: tribunais adotam algoritmos para auditoria de contratos públicos (330),Conjur,2024,21/1/2024,https://conjur.com.br/artigo/330
GovTechs veem oportunidades com digitalização de compras públicas (331),Valor Econômico,2025,15/2/2025,https://valor econômico.com.br/artigo/331
IA reduz em 40% tempo de análise de editais em prefeituras piloto (332),Valor Econômico,2024,3/5/2024,https://valor econômico.com.br/artigo/332
Pesquisa: 70% dos tribunais usam alguma forma de automação algorítmica (333),Jota,2025,18/3/2025,https://jota.com.br/artigo/333
Governança de dados: tribunal adota modelo de explicabilidade para algoritmos (334),Conjur,2025,28/7/2025,https://conjur.com.br/artigo/334
"Compras públicas: IA ajuda a detectar anomalias em editais, aponta estudo (335)",Conjur,2024,1/6/2024,https://conjur.com.br/artigo/335
Precatórios: algoritmo usado pelo STJ gera polêmica por suposto viés (336),Conjur,2023,12/6/2023,https://conjur.com.br/artigo/336
Governo digital: IA ajuda a identificar fornecedores em situação irregular (337),Valor Econômico,2025,18/9/2025,https://valor econômico.com.br/artigo/337
Economia: uso de IA em licitações pode gerar savings de R$ 8 bi (338),Valor Econômico,2024,12/7/2024,https://valor econômico.com.br/artigo/338
Decisões algorítmicas: Suprema Corte dos EUA inspira tribunais brasileiros (339),Jota,2025,25/3/2025,https://jota.com.br/artigo/339
IA e compliance: tribunais adotam algoritmos para auditoria de contratos públicos (340),Conjur,2024,8/6/2024,https://conjur.com.br/artigo/340
Tribunal de Contas alerta para riscos de viés em sistemas de scoring de fornecedores (341),Conjur,2024,10/10/2024,https://conjur.com.br/artigo/341
Lei de IA: o que muda para os órgãos públicos que usam algoritmos de decisão (342),Conjur,2025,3/5/2025,https://conjur.com.br/artigo/342
Mercado de tecnologia para governo cresce 25% com demanda por IA (343),Valor Econômico,2025,16/5/2025,https://valor econômico.com.br/artigo/343
Startups apostam em IA para compliance de contratos públicos (344),Valor Econômico,2024,26/10/2024,https://valor econômico.com.br/artigo/344
Auditoria algorítmica: tribunais de contas criamガイドライン (345),Jota,2025,18/5/2025,https://jota.com.br/artigo/345
Precatórios: algoritmo usado pelo STJ gera polêmica por suposto viés (346),Conjur,2023,8/1/2023,https://conjur.com.br/artigo/346
Contratos tech: tribunais discutem responsabilização por erros de IA (347),Conjur,2025,27/2/2025,https://conjur.com.br/artigo/347
Transparência algorítmica vira exigência legal para órgãos públicos (348),Conjur,2025,20/11/2025,https://conjur.com.br/artigo/348
Investimento em IA no setor público deve dobrar até 2026 (349),Valor Econômico,2025,24/2/2025,https://valor econômico.com.br/artigo/349
Empresas de IA para governo captam R$ 2 bi em rodada de investimentos (350),Valor Econômico,2024,19/9/2024,https://valor econômico.com.br/artigo/350
STF define critérios para uso de algoritmos em decisões administrativas (351),Jota,2025,4/8/2025,https://jota.com.br/artigo/351
Lei de IA: o que muda para os órgãos públicos que usam algoritmos de decisão (352),Conjur,2025,9/9/2025,https://conjur.com.br/artigo/352
Opacidade algorítmica: MP questiona uso de IA pelo TCU em licitações (353),Conjur,2024,5/4/2024,https://conjur.com.br/artigo/353
Governança de dados: tribunal adota modelo de explicabilidade para algoritmos (354),Conjur,2025,2/4/2025,https://conjur.com.br/artigo/354
BNDES lança fundo para empresas de IA voltadas ao setor público (355),Valor Econômico,2025,16/8/2025,https://valor econômico.com.br/artigo/355
Eficiência: algoritmos otimizam compras governamentais em estados (356),Valor Econômico,2024,23/10/2024,https://valor econômico.com.br/artigo/356
Tribunais adotam explicabilidade como padrão para algoritmos públicos (357),Jota,2025,3/5/2025,https://jota.com.br/artigo/357
Transparência algorítmica vira exigência legal para órgãos públicos (358),Conjur,2025,13/1/2025,https://conjur.com.br/artigo/358
TCU cria comitê para regular uso de inteligência artificial em auditorias (359),Conjur,2024,4/2/2024,https://conjur.com.br/artigo/359
IA e compliance: tribunais adotam algoritmos para auditoria de contratos públicos (360),Conjur,2024,17/9/2024,https://conjur.com.br/artigo/360
GovTechs veem oportunidades com digitalização de compras públicas (361),Valor Econômico,2025,10/11/2025,https://valor econômico.com.br/artigo/361
IA reduz em 40% tempo de análise de editais em prefeituras piloto (362),Valor Econômico,2024,23/12/2024,https://valor econômico.com.br/artigo/362
Pesquisa: 70% dos tribunais usam alguma forma de automação algorítmica (363),Jota,2025,26/10/2025,https://jota.com.br/artigo/363
Governança de dados: tribunal adota modelo de explicabilidade para algoritmos (364),Conjur,2025,27/1/2025,https://conjur.com.br/artigo/364
"Compras públicas: IA ajuda a detectar anomalias em editais, aponta estudo (365)",Conjur,2024,22/12/2024,https://conjur.com.br/artigo/365
Precatórios: algoritmo usado pelo STJ gera polêmica por suposto viés (366),Conjur,2023,5/11/2023,https://conjur.com.br/artigo/366
Governo digital: IA ajuda a identificar fornecedores em situação irregular (367),Valor Econômico,2025,5/6/2025,https://valor econômico.com.br/artigo/367
Economia: uso de IA em licitações pode gerar savings de R$ 8 bi (368),Valor Econômico,2024,18/7/2024,https://valor econômico.com.br/artigo/368
Decisões algorítmicas: Suprema Corte dos EUA inspira tribunais brasileiros (369),Jota,2025,21/3/2025,https://jota.com.br/artigo/369
IA e compliance: tribunais adotam algoritmos para auditoria de contratos públicos (370),Conjur,2024,23/10/2024,https://conjur.com.br/artigo/370
Tribunal de Contas alerta para riscos de viés em sistemas de scoring de fornecedores (371),Conjur,2024,11/12/2024,https://conjur.com.br/artigo/371
Lei de IA: o que muda para os órgãos públicos que usam algoritmos de decisão (372),Conjur,2025,14/12/2025,https://conjur.com.br/artigo/372
Mercado de tecnologia para governo cresce 25% com demanda por IA (373),Valor Econômico,2025,12/8/2025,https://valor econômico.com.br/artigo/373
Startups apostam em IA para compliance de contratos públicos (374),Valor Econômico,2024,19/6/2024,https://valor econômico.com.br/artigo/374
Auditoria algorítmica: tribunais de contas criamガイドライン (375),Jota,2025,19/2/2025,https://jota.com.br/artigo/375
Precatórios: algoritmo usado pelo STJ gera polêmica por suposto viés (376),Conjur,2023,15/1/2023,https://conjur.com.br/artigo/376
Contratos tech: tribunais discutem responsabilização por erros de IA (377),Conjur,2025,14/10/2025,https://conjur.com.br/artigo/377
Transparência algorítmica vira exigência legal para órgãos públicos (378),Conjur,2025,24/8/2025,https://conjur.com.br/artigo/378
Investimento em IA no setor público deve dobrar até 2026 (379),Valor Econômico,2025,19/3/2025,https://valor econômico.com.br/artigo/379
Empresas de IA para governo captam R$ 2 bi em rodada de investimentos (380),Valor Econômico,2024,27/1/2024,https://valor econômico.com.br/artigo/380
STF define critérios para uso de algoritmos em decisões administrativas (381),Jota,2025,10/7/2025,https://jota.com.br/artigo/381
Lei de IA: o que muda para os órgãos públicos que usam algoritmos de decisão (382),Conjur,2025,14/4/2025,https://conjur.com.br/artigo/382
Opacidade algorítmica: MP questiona uso de IA pelo TCU em licitações (383),Conjur,2024,24/7/2024,https://conjur.com.br/artigo/383
Governança de dados: tribunal adota modelo de explicabilidade para algoritmos (384),Conjur,2025,22/1/2025,https://conjur.com.br/artigo/384
BNDES lança fundo para empresas de IA voltadas ao setor público (385),Valor Econômico,2025,14/1/2025,https://valor econômico.com.br/artigo/385
Eficiência: algoritmos otimizam compras governamentais em estados (386),Valor Econômico,2024,5/10/2024,https://valor econômico.com.br/artigo/386
Tribunais adotam explicabilidade como padrão para algoritmos públicos (387),Jota,2025,3/4/2025,https://jota.com.br/artigo/387
Transparência algorítmica vira exigência legal para órgãos públicos (388),Conjur,2025,26/3/2025,https://conjur.com.br/artigo/388
TCU cria comitê para regular uso de inteligência artificial em auditorias (389),Conjur,2024,5/11/2024,https://conjur.com.br/artigo/389
IA e compliance: tribunais adotam algoritmos para auditoria de contratos públicos (390),Conjur,2024,20/12/2024,https://conjur.com.br/artigo/390
GovTechs veem oportunidades com digitalização de compras públicas (391),Valor Econômico,2025,16/2/2025,https://valor econômico.com.br/artigo/391
IA reduz em 40% tempo de análise de editais em prefeituras piloto (392),Valor Econômico,2024,28/1/2024,https://valor econômico.com.br/artigo/392
Pesquisa: 70% dos tribunais usam alguma forma de automação algorítmica (393),Jota,2025,19/2/2025,https://jota.com.br/artigo/393
Governança de dados: tribunal adota modelo de explicabilidade para algoritmos (394),Conjur,2025,11/3/2025,https://conjur.com.br/artigo/394
"Compras públicas: IA ajuda a detectar anomalias em editais, aponta estudo (395)",Conjur,2024,6/10/2024,https://conjur.com.br/artigo/395
Precatórios: algoritmo usado pelo STJ gera polêmica por suposto viés (396),Conjur,2023,12/3/2023,https://conjur.com.br/artigo/396
Governo digital: IA ajuda a identificar fornecedores em situação irregular (397),Valor Econômico,2025,6/12/2025,https://valor econômico.com.br/artigo/397
Economia: uso de IA em licitações pode gerar savings de R$ 8 bi (398),Valor Econômico,2024,17/11/2024,https://valor econômico.com.br/artigo/398
Decisões algorítmicas: Suprema Corte dos EUA inspira tribunais brasileiros (399),Jota,2025,5/12/2025,https://jota.com.br/artigo/399
IA e compliance: tribunais adotam algoritmos para auditoria de contratos públicos (400),Conjur,2024,13/12/2024,https://conjur.com.br/artigo/400
Tribunal de Contas alerta para riscos de viés em sistemas de scoring de fornecedores (401),Conjur,2024,23/4/2024,https://conjur.com.br/artigo/401
Lei de IA: o que muda para os órgãos públicos que usam algoritmos de decisão (402),Conjur,2025,2/4/2025,https://conjur.com.br/artigo/402
Mercado de tecnologia para governo cresce 25% com demanda por IA (403),Valor Econômico,2025,16/10/2025,https://valor econômico.com.br/artigo/403
Startups apostam em IA para compliance de contratos públicos (404),Valor Econômico,2024,27/3/2024,https://valor econômico.com.br/artigo/404
Auditoria algorítmica: tribunais de contas criamガイドライン (405),Jota,2025,23/11/2025,https://jota.com.br/artigo/405
Precatórios: algoritmo usado pelo STJ gera polêmica por suposto viés (406),Conjur,2023,25/5/2023,https://conjur.com.br/artigo/406
Contratos tech: tribunais discutem responsabilização por erros de IA (407),Conjur,2025,28/3/2025,https://conjur.com.br/artigo/407
Transparência algorítmica vira exigência legal para órgãos públicos (408),Conjur,2025,26/11/2025,https://conjur.com.br/artigo/408
Investimento em IA no setor público deve dobrar até 2026 (409),Valor Econômico,2025,28/10/2025,https://valor econômico.com.br/artigo/409
Empresas de IA para governo captam R$ 2 bi em rodada de investimentos (410),Valor Econômico,2024,2/6/2024,https://valor econômico.com.br/artigo/410
STF define critérios para uso de algoritmos em decisões administrativas (411),Jota,2025,17/2/2025,https://jota.com.br/artigo/411
Lei de IA: o que muda para os órgãos públicos que usam algoritmos de decisão (412),Conjur,2025,20/5/2025,https://conjur.com.br/artigo/412
Opacidade algorítmica: MP questiona uso de IA pelo TCU em licitações (413),Conjur,2024,26/10/2024,https://conjur.com.br/artigo/413
Governança de dados: tribunal adota modelo de explicabilidade para algoritmos (414),Conjur,2025,6/12/2025,https://conjur.com.br/artigo/414
BNDES lança fundo para empresas de IA voltadas ao setor público (415),Valor Econômico,2025,7/5/2025,https://valor econômico.com.br/artigo/415
Eficiência: algoritmos otimizam compras governamentais em estados (416),Valor Econômico,2024,27/8/2024,https://valor econômico.com.br/artigo/416
Tribunais adotam explicabilidade como padrão para algoritmos públicos (417),Jota,2025,6/5/2025,https://jota.com.br/artigo/417
Transparência algorítmica vira exigência legal para órgãos públicos (418),Conjur,2025,4/2/2025,https://conjur.com.br/artigo/418
TCU cria comitê para regular uso de inteligência artificial em auditorias (419),Conjur,2024,3/6/2024,https://conjur.com.br/artigo/419
IA e compliance: tribunais adotam algoritmos para auditoria de contratos públicos (420),Conjur,2024,5/8/2024,https://conjur.com.br/artigo/420
GovTechs veem oportunidades com digitalização de compras públicas (421),Valor Econômico,2025,24/6/2025,https://valor econômico.com.br/artigo/421
IA reduz em 40% tempo de análise de editais em prefeituras piloto (422),Valor Econômico,2024,18/11/2024,https://valor econômico.com.br/artigo/422
Pesquisa: 70% dos tribunais usam alguma forma de automação algorítmica (423),Jota,2025,16/6/2025,https://jota.com.br/artigo/423
Governança de dados: tribunal adota modelo de explicabilidade para algoritmos (424),Conjur,2025,8/8/2025,https://conjur.com.br/artigo/424
"Compras públicas: IA ajuda a detectar anomalias em editais, aponta estudo (425)",Conjur,2024,28/6/2024,https://conjur.com.br/artigo/425
Precatórios: algoritmo usado pelo STJ gera polêmica por suposto viés (426),Conjur,2023,28/9/2023,https://conjur.com.br/artigo/426
Governo digital: IA ajuda a identificar fornecedores em situação irregular (427),Valor Econômico,2025,20/12/2025,https://valor econômico.com.br/artigo/427
Economia: uso de IA em licitações pode gerar savings de R$ 8 bi (428),Valor Econômico,2024,28/12/2024,https://valor econômico.com.br/artigo/428
Decisões algorítmicas: Suprema Corte dos EUA inspira tribunais brasileiros (429),Jota,2025,25/1/2025,https://jota.com.br/artigo/429
IA e compliance: tribunais adotam algoritmos para auditoria de contratos públicos (430),Conjur,2024,28/4/2024,https://conjur.com.br/artigo/430
Tribunal de Contas alerta para riscos de viés em sistemas de scoring de fornecedores (431),Conjur,2024,8/7/2024,https://conjur.com.br/artigo/431
Lei de IA: o que muda para os órgãos públicos que usam algoritmos de decisão (432),Conjur,2025,23/3/2025,https://conjur.com.br/artigo/432
Mercado de tecnologia para governo cresce 25% com demanda por IA (433),Valor Econômico,2025,6/12/2025,https://valor econômico.com.br/artigo/433
Startups apostam em IA para compliance de contratos públicos (434),Valor Econômico,2024,28/12/2024,https://valor econômico.com.br/artigo/434
Auditoria algorítmica: tribunais de contas criamガイドライン (435),Jota,2025,21/4/2025,https://jota.com.br/artigo/435
Precatórios: algoritmo usado pelo STJ gera polêmica por suposto viés (436),Conjur,2023,13/8/2023,https://conjur.com.br/artigo/436
Contratos tech: tribunais discutem responsabilização por erros de IA (437),Conjur,2025,6/3/2025,https://conjur.com.br/artigo/437
Transparência algorítmica vira exigência legal para órgãos públicos (438),Conjur,2025,27/12/2025,https://conjur.com.br/artigo/438
Investimento em IA no setor público deve dobrar até 2026 (439),Valor Econômico,2025,25/9/2025,https://valor econômico.com.br/artigo/439
Empresas de IA para governo captam R$ 2 bi em rodada de investimentos (440),Valor Econômico,2024,18/5/2024,https://valor econômico.com.br/artigo/440
STF define critérios para uso de algoritmos em decisões administrativas (441),Jota,2025,17/4/2025,https://jota.com.br/artigo/441
Lei de IA: o que muda para os órgãos públicos que usam algoritmos de decisão (442),Conjur,2025,27/12/2025,https://conjur.com.br/artigo/442
Opacidade algorítmica: MP questiona uso de IA pelo TCU em licitações (443),Conjur,2024,25/4/2024,https://conjur.com.br/artigo/443
Governança de dados: tribunal adota modelo de explicabilidade para algoritmos (444),Conjur,2025,14/9/2025,https://conjur.com.br/artigo/444
BNDES lança fundo para empresas de IA voltadas ao setor público (445),Valor Econômico,2025,27/9/2025,https://valor econômico.com.br/artigo/445
Eficiência: algoritmos otimizam compras governamentais em estados (446),Valor Econômico,2024,22/10/2024,https://valor econômico.com.br/artigo/446
Tribunais adotam explicabilidade como padrão para algoritmos públicos (447),Jota,2025,24/4/2025,https://jota.com.br/artigo/447
Transparência algorítmica vira exigência legal para órgãos públicos (448),Conjur,2025,27/4/2025,https://conjur.com.br/artigo/448
TCU cria comitê para regular uso de inteligência artificial em auditorias (449),Conjur,2024,22/10/2024,https://conjur.com.br/artigo/449
IA e compliance: tribunais adotam algoritmos para auditoria de contratos públicos (450),Conjur,2024,7/8/2024,https://conjur.com.br/artigo/450
GovTechs veem oportunidades com digitalização de compras públicas (451),Valor Econômico,2025,9/6/2025,https://valor econômico.com.br/artigo/451
IA reduz em 40% tempo de análise de editais em prefeituras piloto (452),Valor Econômico,2024,5/11/2024,https://valor econômico.com.br/artigo/452
Pesquisa: 70% dos tribunais usam alguma forma de automação algorítmica (453),Jota,2025,19/1/2025,https://jota.com.br/artigo/453
Governança de dados: tribunal adota modelo de explicabilidade para algoritmos (454),Conjur,2025,7/4/2025,https://conjur.com.br/artigo/454
"Compras públicas: IA ajuda a detectar anomalias em editais, aponta estudo (455)",Conjur,2024,23/12/2024,https://conjur.com.br/artigo/455
Precatórios: algoritmo usado pelo STJ gera polêmica por suposto viés (456),Conjur,2023,9/10/2023,https://conjur.com.br/artigo/456
Governo digital: IA ajuda a identificar fornecedores em situação irregular (457),Valor Econômico,2025,21/4/2025,https://valor econômico.com.br/artigo/457
Economia: uso de IA em licitações pode gerar savings de R$ 8 bi (458),Valor Econômico,2024,8/2/2024,https://valor econômico.com.br/artigo/458
Decisões algorítmicas: Suprema Corte dos EUA inspira tribunais brasileiros (459),Jota,2025,24/2/2025,https://jota.com.br/artigo/459
IA e compliance: tribunais adotam algoritmos para auditoria de contratos públicos (460),Conjur,2024,28/12/2024,https://conjur.com.br/artigo/460
Tribunal de Contas alerta para riscos de viés em sistemas de scoring de fornecedores (461),Conjur,2024,3/8/2024,https://conjur.com.br/artigo/461
Lei de IA: o que muda para os órgãos públicos que usam algoritmos de decisão (462),Conjur,2025,7/5/2025,https://conjur.com.br/artigo/462
Mercado de tecnologia para governo cresce 25% com demanda por IA (463),Valor Econômico,2025,11/9/2025,https://valor econômico.com.br/artigo/463
Startups apostam em IA para compliance de contratos públicos (464),Valor Econômico,2024,18/2/2024,https://valor econômico.com.br/artigo/464
Auditoria algorítmica: tribunais de contas criamガイドライン (465),Jota,2025,2/5/2025,https://jota.com.br/artigo/465
Precatórios: algoritmo usado pelo STJ gera polêmica por suposto viés (466),Conjur,2023,24/12/2023,https://conjur.com.br/artigo/466
Contratos tech: tribunais discutem responsabilização por erros de IA (467),Conjur,2025,16/7/2025,https://conjur.com.br/artigo/467
Transparência algorítmica vira exigência legal para órgãos públicos (468),Conjur,2025,24/9/2025,https://conjur.com.br/artigo/468
Investimento em IA no setor público deve dobrar até 2026 (469),Valor Econômico,2025,23/1/2025,https://valor econômico.com.br/artigo/469
Empresas de IA para governo captam R$ 2 bi em rodada de investimentos (470),Valor Econômico,2024,13/5/2024,https://valor econômico.com.br/artigo/470
STF define critérios para uso de algoritmos em decisões administrativas (471),Jota,2025,18/11/2025,https://jota.com.br/artigo/471
Lei de IA: o que muda para os órgãos públicos que usam algoritmos de decisão (472),Conjur,2025,24/2/2025,https://conjur.com.br/artigo/472
Opacidade algorítmica: MP questiona uso de IA pelo TCU em licitações (473),Conjur,2024,4/7/2024,https://conjur.com.br/artigo/473
Governança de dados: tribunal adota modelo de explicabilidade para algoritmos (474),Conjur,2025,5/6/2025,https://conjur.com.br/artigo/474
BNDES lança fundo para empresas de IA voltadas ao setor público (475),Valor Econômico,2025,16/7/2025,https://valor econômico.com.br/artigo/475
Eficiência: algoritmos otimizam compras governamentais em estados (476),Valor Econômico,2024,11/6/2024,https://valor econômico.com.br/artigo/476
Tribunais adotam explicabilidade como padrão para algoritmos públicos (477),Jota,2025,20/6/2025,https://jota.com.br/artigo/477
Transparência algorítmica vira exigência legal para órgãos públicos (478),Conjur,2025,16/10/2025,https://conjur.com.br/artigo/478
TCU cria comitê para regular uso de inteligência artificial em auditorias (479),Conjur,2024,22/10/2024,https://conjur.com.br/artigo/479
IA e compliance: tribunais adotam algoritmos para auditoria de contratos públicos (480),Conjur,2024,20/5/2024,https://conjur.com.br/artigo/480
GovTechs veem oportunidades com digitalização de compras públicas (481),Valor Econômico,2025,19/4/2025,https://valor econômico.com.br/artigo/481
IA reduz em 40% tempo de análise de editais em prefeituras piloto (482),Valor Econômico,2024,28/10/2024,https://valor econômico.com.br/artigo/482
Pesquisa: 70% dos tribunais usam alguma forma de automação algorítmica (483),Jota,2025,5/9/2025,https://jota.com.br/artigo/483
Governança de dados: tribunal adota modelo de explicabilidade para algoritmos (484),Conjur,2025,4/9/2025,https://conjur.com.br/artigo/484
"Compras públicas: IA ajuda a detectar anomalias em editais, aponta estudo (485)",Conjur,2024,26/1/2024,https://conjur.com.br/artigo/485
Precatórios: algoritmo usado pelo STJ gera polêmica por suposto viés (486),Conjur,2023,21/1/2023,https://conjur.com.br/artigo/486
Governo digital: IA ajuda a identificar fornecedores em situação irregular (487),Valor Econômico,2025,21/4/2025,https://valor econômico.com.br/artigo/487
